inn,name,region,okved,status_Действующая организация,status_Деятельность прекращена,status_Процесс банкротства,status_Процесс исключения,status_Процесс реорганизации,status_Стадия ликвидации,Закупки,2020,2021,2022,2023,2024,2025,СумНедоим,СумДолг,ОстЗадолж,2021_1100_СумОтч,2021_1100_СумПред,2021_2110_СумОтч,2021_2110_СумПред,2021_2200_СумОтч,2021_2200_СумПред,2022_1100_СумОтч,2022_1100_СумПред,2022_2110_СумОтч,2022_2110_СумПред,2022_2200_СумОтч,2022_2200_СумПред,2023_1100_СумОтч,2023_1100_СумПред,2023_2110_СумОтч,2023_2110_СумПред,2023_2200_СумОтч,2023_2200_СумПред,2024_1100_СумОтч,2024_1100_СумПред,2024_2110_СумОтч,2024_2110_СумПред,2024_2200_СумОтч,2024_2200_СумПред,2025_1100_СумОтч,2025_1100_СумПред,2025_2110_СумОтч,2025_2110_СумПред,2025_2200_СумОтч,2025_2200_СумПред
5260112410,"ООО ГК ""МЕТАЛЛОЦЕНТР""",106,632,True,False,False,False,False,False,0,28.0,55.0,13.0,33.0,7.0,0.0,0.0,0.0,0.0,0,0,350156000,144351000,1418000,322000,0,0,153503000,350156000,1106000,1418000,0,0,269036000,153503000,2868000,1106000,0,0,232354000,269036000,1489000,2868000,0,0,0,0,0,0
6311150391,"ООО ""ДВЕРНОЙ СИНДИКАТ""",150,704,True,False,False,False,False,False,0,0.0,0.0,0.0,0.0,0.0,0.0,0.0,0.0,0.0,0,0,178967000,244449000,37140000,14400000,0,0,191239000,178967000,17555000,37140000,0,0,176938000,191239000,9045000,17555000,0,0,183175000,176938000,10182000,9045000,0,0,0,0,0,0
7810027596,"ООО ""ЛУДИНГ-СПБ""",36,532,True,False,False,False,False,False,18216055,0.0,0.0,0.0,0.0,0.0,0.0,0.0,0.0,0.0,18664000,0,1459681000,1004309000,-34280000,-95105000,110606000,0,1690106000,1459681000,-80104000,-34280000,85450000,0,1901274000,1690106000,-59482000,-80104000,49585000,0,2200334000,1901274000,-20719000,-59482000,0,0,0,0,0,0
2465293875,"ООО ""ДЕВЯТКО""",74,663,False,False,False,False,True,False,0,0.0,0.0,0.0,0.0,0.0,0.0,41.26,0.0,0.0,0,0,291368000,359694000,11365000,4542000,0,0,81616000,291368000,2051000,11365000,0,0,56961000,81616000,2334000,2051000,0,0,25567000,56961000,1268000,2334000,0,0,0,0,0,0
6324076748,"ООО ""ЗАВОД КПД""",151,218,True,False,False,False,False,False,0,0.0,0.0,0.0,0.0,0.0,0.0,0.0,0.0,0.0,54807000,0,563068000,290832000,8724000,5272000,118079000,0,584987000,563068000,14082000,8724000,219092000,0,681724000,584987000,34361000,14082000,223476000,0,879320000,681724000,65357000,34361000,0,0,0,0,0,0
2465238553,"ООО ""ВОДОЛЕЙ-ТРЕЙД""",74,641,True,False,False,False,False,False,2280127,0.0,0.0,0.0,0.0,0.0,0.0,0.0,0.0,0.0,365000,0,1774283000,794777000,32949000,12792000,171000,0,2918492000,1774283000,31573000,32949000,156000,0,3255277000,2918492000,48853000,31573000,197000,0,3202614000,3255277000,77671000,48853000,0,0,0,0,0,0
3812130023,"ООО ""АНГРО СИБИРЬ""",49,661,True,False,False,False,False,False,27099,0.0,0.0,0.0,0.0,0.0,0.0,0.0,0.0,0.0,0,0,151539000,184674000,0,0,0,0,145568000,151539000,0,0,0,0,128301000,145568000,0,0,0,0,122284000,128301000,0,0,0,0,0,0,0,0
1658200561,"ООО ""КАЗАНСКИЙ ТРУБНЫЙ ЗАВОД""",142,192,True,False,False,False,False,False,24879561,0.0,0.0,0.0,0.0,0.0,0.0,815025.98,0.0,0.0,4781000,0,642942000,335541000,6829000,8292000,3872000,0,819007000,642638000,28906000,8010000,28894000,0,949238000,819050000,140532000,30096000,31590000,0,1033967000,949280000,47026000,133199000,0,0,0,0,0,0
4027099153,"ООО ""ЭЛМАТ РОБОТЕХ""",56,409,False,True,False,False,False,False,0,0.0,0.0,0.0,0.0,0.0,0.0,0.0,0.0,0.0,26256000,0,384116000,356511000,65246000,23046000,25826000,0,92362000,384116000,-37516000,65247000,23273000,0,25533000,92362000,-24071000,-37516000,38252000,0,34406000,25533000,-5540000,-24071000,0,0,0,0,0,0
6950055457,"ООО ""ТВЕРЬ-СЕРВИС""",180,533,True,False,False,False,False,False,35276159,0.0,0.0,0.0,0.0,0.0,0.0,0.0,0.0,0.0,0,0,131852000,120254000,0,0,0,0,122476000,131852000,0,0,0,0,105488000,122476000,0,0,0,0,142488000,105488000,0,0,0,0,0,0,0,0
5918215224,"ООО ""МЕГАСТИЛ""",125,634,True,False,False,False,False,False,0,0.0,0.0,0.0,0.0,0.0,0.0,36330.71,0.0,0.0,5949000,0,393389000,517894000,11777000,6559000,2000,0,172064000,393389000,150000,11777000,1000,0,32931000,175123000,45000,-3507000,0,0,0,32931000,0,45000,0,0,0,0,0,0
3665037158,"ООО ""А-ДРАЙВ ЦЕНТР""",34,453,True,False,False,False,False,False,21435666,0.0,0.0,0.0,0.0,0.0,0.0,0.0,0.0,0.0,55738000,0,565443000,637748000,-23816000,-62825000,47406000,0,224411000,565443000,-3910000,-23816000,41868000,0,114306000,224411000,-4940000,-3910000,27455000,0,514891000,114306000,1953000,-4940000,0,0,0,0,0,0
4501153735,"ЗАО ""КСА""",79,360,True,False,False,False,False,False,274564,0.0,0.0,0.0,0.0,0.0,0.0,0.0,0.0,0.0,259444000,0,1606782000,1153917000,119023000,27098000,335758000,0,1225078000,1606782000,115738000,119023000,744143000,0,1676065000,1225078000,321401000,115738000,898277000,0,1942230000,1676065000,218051000,321401000,0,0,0,0,0,0
7718288733,"ООО ""ТД ИЗАГРИ""",35,652,True,False,False,False,False,False,0,0.0,0.0,0.0,0.0,0.0,0.0,0.0,0.0,0.0,0,0,177911000,160557000,0,0,0,0,217238000,177911000,0,0,0,0,25791000,217238000,0,0,0,0,20579000,26108000,0,0,0,0,0,0,0,0
7717567452,"ООО ""КЛЕВЕР-МЕДИА-ГРУПП""",35,764,True,False,False,False,False,False,16284372,0.0,0.0,0.0,0.0,0.0,0.0,0.0,0.0,0.0,83155000,0,742688000,885160000,91776000,173255000,79148000,0,837597000,742688000,100394000,91776000,68369000,0,1270718000,837597000,202830000,100394000,81363000,0,1453209000,1270718000,184439000,202830000,0,0,0,0,0,0
7536162870,"ООО ""ЭКОНОМ""",42,663,True,False,False,False,False,False,0,0.0,0.0,0.0,0.0,0.0,0.0,34044.0,0.0,0.0,3393000,0,2424303000,1918223000,75724000,16790000,7400000,0,3246012000,2424303000,173608000,75724000,5985000,0,3638066000,3246012000,149554000,173608000,202354000,0,3847042000,3638066000,149445000,149554000,0,0,0,0,0,0
2631803003,"ООО ""РАДИАН""",172,653,False,True,False,False,False,False,244170511,0.0,0.0,0.0,0.0,0.0,0.0,0.0,0.0,0.0,1603000,0,901699000,769592000,24934000,2637000,2003000,0,295994000,901699000,3363000,24934000,1171000,0,48676000,295994000,-462000,3363000,0,0,22021000,48676000,-5385000,-462000,0,0,0,0,0,0
5404289490,"ООО КОМПАНИЯ ""КОЛОРЛОН""",112,700,True,False,False,False,False,False,163481,0.0,0.0,0.0,0.0,0.0,0.0,2387.0,0.0,0.0,232391000,0,5873973000,6068445000,80203000,75559000,297486000,0,3814611000,5873973000,71588000,80203000,170728000,0,3938124000,3814611000,7405000,71588000,124813000,0,3897439000,3938124000,22445000,7405000,0,0,0,0,0,0
7733304066,"ООО ""ФОКУС-М""",96,575,True,False,False,False,False,False,3343099532,0.0,0.0,0.0,0.0,0.0,0.0,0.0,0.0,0.0,59005000,0,892636000,478595000,177929000,87860000,62372000,0,1313798000,892636000,319958000,177929000,72755000,0,1173176000,1313798000,166070000,319958000,128534000,0,1227898000,1173176000,183563000,166070000,0,0,0,0,0,0
5024051684,"ООО ""АЛНСТРОЙ-ТРОТУАР""",99,218,True,False,False,False,False,False,5304884,0.0,0.0,0.0,0.0,0.0,0.0,8373000.37,55331.39,55331.39,121540000,0,857545000,937153000,-7183000,55095000,133013000,0,1419503000,857545000,28032000,-7183000,127530000,0,1620189000,1419503000,25162000,28032000,108387000,0,2863003000,1620189000,44869000,25162000,0,0,0,0,0,0
1517000016,КПК ООО,141,537,True,False,False,False,False,False,0,0.0,0.0,0.0,0.0,0.0,0.0,0.0,0.0,0.0,161000,0,613003000,759921000,24350000,5576000,79000,0,1111166000,613003000,49427000,24350000,145000,0,1423155000,1111166000,67480000,49427000,57000,0,1984148000,1423155000,128966000,67480000,0,0,0,0,0,0
3123430440,"ООО ""ДОБРЫНЯ""",18,534,True,False,False,False,False,False,0,0.0,0.0,0.0,0.0,0.0,0.0,0.0,0.0,0.0,1054000,0,698161000,1013861000,8756000,14204000,40613000,0,704240000,698161000,41691000,13139000,34241000,0,740161000,704240000,44506000,41691000,852000,0,659874000,740161000,-13630000,44506000,0,0,0,0,0,0
2221065659,"ООО "" БАЗА МЯСОПРОМА """,3,524,True,False,False,False,False,False,1189673646,0.0,0.0,0.0,0.0,0.0,0.0,0.0,0.0,0.0,1428000,0,175559000,148889000,10926000,9692000,4589000,0,191497000,175559000,9734000,10926000,2830000,0,181943000,191497000,3901000,9734000,2671000,0,207263000,181943000,7351000,3901000,0,0,0,0,0,0
9723014851,"ООО ""ОЙМАН""",96,558,True,False,False,False,False,False,0,0.0,0.0,0.0,0.0,0.0,0.0,0.0,0.0,0.0,1081000,0,396074000,299547000,6588000,-24618000,0,0,404823000,396074000,0,0,0,0,292786000,404823000,0,0,0,0,361482000,292786000,0,0,0,0,0,0,0,0
6452082923,"ООО ""МЕТАЛЛ-ПОВОЛЖЬЕ""",155,659,True,False,False,False,False,False,188737831,0.0,0.0,0.0,0.0,0.0,0.0,0.0,0.0,0.0,10515000,0,766863000,659283000,24062000,25803000,18381000,0,404392000,766863000,12760000,24062000,34666000,0,546416000,404392000,17856000,12760000,35836000,0,493948000,546416000,15005000,17856000,0,0,0,0,0,0
6658463560,"ООО ""ЩДЗ ""СЕВЕРНЫЙ""",164,231,True,False,False,False,False,False,0,0.0,0.0,0.0,0.0,0.0,0.0,11801083.59,0.0,0.0,147600000,0,437332000,344926000,50615000,17304000,181156000,0,955124000,442276000,-1473000,54762000,312607000,0,1067713000,955124000,85546000,-1472000,687133000,0,878794000,1067713000,26744000,85554000,0,0,0,0,0,0
2308061641,"ООО ""КАМПАН""",73,539,True,False,False,False,False,False,500000,0.0,0.0,0.0,0.0,0.0,0.0,0.0,0.0,0.0,0,0,2348883000,1539084000,9730000,11507000,0,0,3450966000,2348883000,29564000,9730000,296000,0,2989576000,3450966000,9333000,29564000,188000,0,3394695000,2989576000,9582000,9333000,0,0,0,0,0,0
9102012442,"ООО ""АНГКОР""",137,711,True,False,False,False,False,False,129575,0.0,0.0,0.0,0.0,0.0,0.0,0.0,0.0,0.0,139718000,0,1817926000,1417101000,96336000,30184000,2522469000,0,1882414000,1817926000,234966000,96336000,2453232000,0,1736492000,1882414000,161736000,234966000,2668973000,0,2014601000,1736492000,157287000,161736000,0,0,0,0,0,0
9710058241,"ООО ""МЕДВЕТ""",96,622,True,False,False,False,False,False,712507126,0.0,0.0,0.0,0.0,0.0,0.0,13.72,0.0,0.0,0,0,134506000,122325000,0,0,0,0,102548000,134506000,0,0,0,0,127707000,102548000,0,0,0,0,134372000,127707000,0,0,0,0,0,0,0,0
1001334255,"ООО ""КМ-ГРУПП""",135,447,False,True,False,False,False,False,0,0.0,0.0,0.0,0.0,0.0,0.0,0.0,0.0,0.0,10442000,0,498954000,464735000,10366000,2427000,6744000,0,200007000,498954000,5874000,10366000,14248000,0,92047000,200007000,-1182000,5874000,0,0,0,0,0,0,0,0,0,0,0,0
7702850682,"ООО ""КРЕМОНА""",35,525,True,False,False,False,False,False,0,0.0,0.0,0.0,0.0,0.0,0.0,0.0,11742479.3,11244536.12,550000,0,737496000,1158931000,8660000,14000000,428000,0,589729000,737496000,10031000,8660000,255000,0,612516000,589729000,11226000,10031000,81000,0,441561000,612516000,7143000,11226000,0,0,0,0,0,0
7724347401,"ООО ""ФИЛА ГРУПП""",35,661,True,False,False,False,False,False,0,0.0,0.0,0.0,0.0,0.0,0.0,0.0,0.0,0.0,0,0,210736000,151937000,0,0,0,0,202170000,210736000,0,0,0,0,246710000,202170000,0,0,0,0,285751000,246710000,0,0,0,0,0,0,0,0
6345006082,"ООО ""ПП ""ТЭКО-ФИЛЬТР""",151,375,True,False,False,False,False,False,60721087,0.0,0.0,0.0,0.0,0.0,0.0,0.0,0.0,0.0,114413000,0,404606000,307766000,54953000,44530000,115322000,0,519979000,404606000,83035000,54953000,192262000,0,539598000,519979000,95013000,83035000,218038000,0,809891000,539598000,141277000,95013000,0,0,0,0,0,0
4401132410,"ООО ""ПАРКОЙЛ""",71,690,True,False,False,False,False,False,226233626,0.0,0.0,0.0,0.0,0.0,0.0,3578024.8,0.0,0.0,59309000,0,2807691000,2466111000,58521000,43786000,558358000,0,2529057000,2807691000,277380000,58521000,223584000,0,2533602000,2529057000,94444000,277380000,211866000,0,3033984000,2533602000,198447000,94444000,0,0,0,0,0,0
6726022894,"ООО ""ФЕНИКС""",170,524,False,True,False,False,False,False,0,0.0,0.0,0.0,0.0,0.0,0.0,0.0,0.0,0.0,0,0,3385580000,2051877000,55012000,56928000,0,0,4135426000,3385580000,-5717000,55012000,0,0,2943271000,4135426000,7358000,-5717000,0,0,0,0,0,0,0,0,0,0,0,0
3906082625,"ООО ""ЮРИНАТ-КЛС""",53,667,True,False,False,False,False,False,0,0.0,0.0,0.0,0.0,0.0,0.0,0.0,0.0,0.0,0,0,121487000,126126000,0,0,0,0,126804000,121487000,0,0,0,0,128176000,126804000,0,0,0,0,136023000,128176000,0,0,0,0,0,0,0,0
7710121637,"АО ""МОСТОЖЕЛЕЗОБЕТОНКОНСТРУКЦИЯ""",35,218,True,False,False,False,False,False,76409595,0.0,0.0,0.0,0.0,0.0,0.0,0.0,0.0,0.0,1141054000,0,5793004000,4298716000,309061000,244118000,1725552000,0,8393931000,5793004000,836635000,309061000,1920440000,0,5981589000,8393931000,411955000,836635000,2421400000,0,5583299000,5981589000,176580000,411955000,0,0,0,0,0,0
6670452684,"ООО ""ПРОМЫШЛЕННЫЕ ТЕХНОЛОГИИ""",164,651,False,True,False,False,False,False,0,0.0,0.0,0.0,0.0,0.0,0.0,0.0,0.0,0.0,0,0,155563000,602415000,0,0,0,0,81641000,155563000,0,0,0,0,51992000,81641000,0,0,0,0,0,0,0,0,0,0,0,0,0,0
3616023748,"ООО ""АЛКОНА ГРУПП""",34,273,True,False,False,False,False,False,0,0.0,0.0,0.0,0.0,0.0,0.0,0.0,0.0,0.0,17796000,0,405551000,254052000,19514000,15600000,30283000,0,686694000,405551000,46403000,19514000,59594000,0,640531000,686694000,33365000,46403000,59585000,0,1100685000,640531000,36373000,33365000,0,0,0,0,0,0
6664044905,"ЗАО ""АВТОХОЛДИНГ""",164,447,True,False,False,False,False,False,14279319,0.0,0.0,0.0,0.0,0.0,0.0,0.0,0.0,0.0,2322000,0,1009045000,1320650000,29245000,2992000,43394000,0,455182000,1009045000,8716000,29245000,32025000,0,399750000,455182000,-7621000,8716000,26495000,0,658253000,399750000,-46077000,-7621000,0,0,0,0,0,0
3528211460,"ООО ""АЛКО-ФОРУМ""",36,534,True,False,False,False,False,False,0,0.0,0.0,0.0,0.0,0.0,0.0,0.0,0.0,0.0,41877000,0,1016646000,987636000,-22850000,-37858000,45241000,0,1136433000,1016646000,22592000,-22850000,34336000,0,988448000,1136433000,-15996000,22592000,34567000,0,968704000,988448000,-12701000,-15996000,0,0,0,0,0,0
7729398745,"ООО ""ОПТОСИСТЕМЫ""",96,322,True,False,False,False,False,False,219726761,0.0,0.0,0.0,0.0,0.0,0.0,0.0,0.0,0.0,193137000,0,310455000,268304000,72760000,60300000,202330000,0,339188000,310455000,51028000,72761000,194118000,0,303321000,339188000,57299000,51028000,245594000,0,508536000,303321000,111882000,57299000,0,0,0,0,0,0
9715251217,"ООО ""ЭКСАРИС""",96,661,True,False,False,False,False,False,119073557,0.0,0.0,0.0,0.0,0.0,0.0,0.0,0.0,0.0,3000,0,379500000,349910000,12209000,23349000,5000,0,435510000,379500000,27782000,12209000,4000,0,417264000,435510000,15449000,27782000,7000,0,453189000,417264000,18068000,15449000,0,0,0,0,0,0
7448191978,"ООО ""ТСУ""",199,335,True,False,False,False,False,False,63955636,0.0,0.0,0.0,0.0,0.0,0.0,668244.74,0.0,0.0,0,0,69836000,152066000,0,0,0,0,96607000,69836000,0,0,0,0,166924000,96607000,0,0,0,0,69341000,166924000,0,0,0,0,0,0,0,0
4100014999,"ООО ""ТОРГОВЫЙ ДОМ НИКИТИН""",57,534,True,False,False,False,False,False,0,0.0,0.0,0.0,0.0,0.0,0.0,0.0,0.0,0.0,11059000,0,611829000,646830000,6189000,31582000,11446000,0,755058000,611829000,45977000,6189000,10722000,0,753954000,755058000,7448000,45977000,9159000,0,740487000,753954000,2037000,7448000,0,0,0,0,0,0
9709040673,"ООО ""ПИДЖИЭС""",95,543,True,False,False,False,False,False,0,0.0,0.0,0.0,0.0,0.0,0.0,40000.0,0.0,0.0,23548000,0,188461000,125436000,4856000,6137000,31765000,0,393293000,188461000,30778000,4856000,0,0,248368000,393293000,0,0,0,0,125972000,248368000,0,0,0,0,0,0,0,0
3123200982,"ООО ""АНТАРЕС""",18,507,True,False,False,False,False,False,0,0.0,0.0,0.0,0.0,0.0,0.0,0.0,0.0,0.0,0,0,267110000,448904000,0,0,0,0,188849000,267110000,0,0,0,0,56907000,188849000,0,0,0,0,32499000,56907000,0,0,0,0,0,0,0,0
7816566410,"ООО ""СИМ СТРОЙ""",36,644,True,False,False,False,False,False,0,0.0,0.0,0.0,0.0,0.0,0.0,0.0,0.0,0.0,0,0,99706000,186578000,0,0,0,0,174216000,99706000,0,0,0,0,177552000,174216000,0,0,0,0,278681000,177552000,0,0,0,0,0,0,0,0
2629008880,"ОАО ""ГМЗ""",172,154,False,False,True,False,False,False,70431000,0.0,0.0,0.0,0.0,0.0,0.0,394194070.56,33048.21,23048.21,109289000,0,0,526212000,-2118000,-105264000,0,0,0,0,0,0,246758000,0,0,0,0,-196000,265428000,0,0,0,0,0,0,0,0,0,0,0
5036139929,"ООО ""ВИП-ТЕКСТИЛЬ СТОЛИЦА""",99,656,False,False,False,False,True,False,0,0.0,0.0,0.0,0.0,0.0,0.0,0.0,0.0,0.0,0,0,377609000,317200000,40746000,28975000,0,0,491617000,377609000,87381000,40746000,0,0,393052000,491617000,32111000,87381000,157565000,0,470331000,393052000,52540000,32111000,0,0,0,0,0,0
7707781200,"ООО ""АЛФАРМА""",96,575,True,False,False,False,False,False,3755477743,0.0,0.0,0.0,0.0,0.0,0.0,0.0,0.0,0.0,19128000,0,2442259000,2523828000,856972000,915844000,153442000,0,2421614000,2442259000,703860000,856972000,78826000,0,1624027000,2421614000,115177000,703860000,78502000,0,1121140000,1624027000,-142851000,115177000,0,0,0,0,0,0
2327013805,"ООО ""ОПФХ""",73,652,True,False,False,False,False,False,22277587,0.0,0.0,0.0,0.0,0.0,0.0,1041091.49,0.0,0.0,0,0,1380547000,2198432000,14238000,44332000,0,0,2374462000,1380547000,143571000,14238000,0,0,1280110000,2374462000,65603000,143571000,0,0,1441904000,1280110000,45531000,65603000,0,0,0,0,0,0
1660149400,"ООО ""КСМ-ИНТЕХ""",177,299,True,False,False,False,False,False,0,0.0,0.0,0.0,0.0,0.0,0.0,0.0,0.0,0.0,1973000,0,234232000,144880000,107459000,69549000,4026000,0,281174000,234232000,144539000,107459000,3035000,0,305149000,281174000,139580000,144539000,2377000,0,224345000,305149000,74932000,139580000,0,0,0,0,0,0
7736133436,"ЗАО ""ДАНИСКО""",35,661,True,False,False,False,False,False,6369632,0.0,0.0,0.0,0.0,0.0,0.0,0.0,0.0,0.0,34635000,0,5189185000,4349956000,345760000,473573000,91340000,0,4880484000,5189185000,377721000,345760000,69040000,0,5975371000,4880484000,757278000,377721000,80328000,0,6762514000,5975371000,412200000,757278000,0,0,0,0,0,0
7325032086,"ООО ""МОТОМ ЦЕНТР""",96,447,True,False,False,False,False,False,4206600,0.0,0.0,0.0,0.0,0.0,0.0,0.0,0.0,0.0,96960000,0,955659000,896625000,51978000,6352000,93118000,0,410686000,955659000,27910000,51978000,95445000,0,266246000,410686000,374000,27910000,123525000,0,377536000,266246000,-18578000,374000,0,0,0,0,0,0
1102045250,"ООО ""САЗОНОВ""",68,536,True,False,False,False,False,False,499936,0.0,0.0,0.0,0.0,0.0,0.0,973984.57,0.0,0.0,232000,0,1592532000,1945462000,58945000,89236000,27637000,0,1585493000,1592532000,61606000,58945000,34239000,0,1824995000,1585493000,73960000,61606000,65189000,0,1981480000,1824995000,126593000,73960000,0,0,0,0,0,0
7735151489,"ООО ""СКТ ТРЕЙД""",35,596,True,False,False,False,False,False,31226743,0.0,0.0,0.0,0.0,0.0,0.0,0.0,0.0,0.0,148000,0,512431000,288571000,40024000,20645000,66000,0,500180000,512431000,52161000,40024000,1207000,0,425422000,500180000,36815000,52161000,1313000,0,716378000,425422000,69761000,36815000,0,0,0,0,0,0
7718965696,"ООО ""СПСОФТ""",35,694,True,False,False,False,False,False,33907987,0.0,0.0,0.0,0.0,0.0,0.0,89.98,0.0,0.0,0,0,423897000,451242000,13402000,13793000,0,0,411627000,423897000,20093000,13402000,0,0,322277000,411627000,5392000,20093000,6384000,0,401471000,322277000,2274000,18150000,0,0,0,0,0,0
7726682028,"ООО ""ПОЛИХИМТРЕЙД""",35,653,True,False,False,False,False,False,13860650,0.0,0.0,0.0,0.0,0.0,0.0,0.0,0.0,0.0,22000,0,62388000,194767000,-5207000,-1808000,26000,0,72727000,62388000,1885000,-5207000,28000,0,26048000,72727000,392000,1885000,3000,0,17068000,26048000,4593000,392000,0,0,0,0,0,0
5408309387,"ООО ""ГАЛАКТИКА""",111,651,True,False,False,False,False,False,0,0.0,0.0,0.0,0.0,0.0,0.0,0.0,0.0,0.0,0,0,107622000,181519000,0,0,0,0,42836000,107622000,0,0,0,0,9796000,42836000,0,0,0,0,98738000,9796000,0,0,0,0,0,0,0,0
7810735503,"ООО ""ТПК ГРУПП""",36,483,True,False,False,False,False,False,0,0.0,0.0,0.0,0.0,0.0,0.0,0.0,0.0,0.0,0,0,199074000,232742000,0,0,0,0,298252000,199074000,0,0,0,0,390265000,298252000,0,0,0,0,403445000,390265000,0,0,0,0,0,0,0,0
9723065447,"ООО ""ВАВИЛОН""",96,561,False,False,True,False,False,False,0,0.0,0.0,0.0,0.0,0.0,0.0,0.0,0.0,0.0,0,0,101793000,144537000,0,0,0,0,0,101793000,0,0,0,0,0,0,0,0,0,0,0,0,0,0,0,0,0,0,0,0
5024110675,"ООО ""САЙТЕГРА""",99,323,True,False,False,False,False,False,1890772295,0.0,0.0,0.0,0.0,0.0,0.0,0.0,0.0,0.0,47853000,0,431283000,751055000,27795000,84610000,5827000,0,549180000,431283000,134903000,27795000,3998000,0,420539000,549180000,83693000,134903000,4092000,0,597866000,420539000,116683000,83693000,0,0,0,0,0,0
4207055973,"ООО ""АЙ-БИ-ЭМ""",62,447,True,False,False,False,False,False,143889279,0.0,0.0,0.0,0.0,0.0,0.0,0.0,0.0,0.0,541735000,0,8581697000,6013560000,465262000,177264000,987526000,0,5946709000,8581697000,117001000,465262000,1079491000,0,8601771000,5946709000,-69374000,117001000,1103908000,0,13694868000,8601771000,-675050000,-69374000,0,0,0,0,0,0
2222841833,"ООО ""АЛДИЗ""",3,627,True,False,False,False,False,False,0,0.0,0.0,0.0,0.0,0.0,0.0,0.0,0.0,0.0,0,0,1131946000,755159000,4108000,5480000,0,0,1302535000,1131946000,7899000,4108000,0,0,1165761000,1302535000,8533000,7899000,0,0,1714534000,1165761000,12098000,8533000,0,0,0,0,0,0
5036114995,"ООО ""ИТАЛ-КОНДИТЕР""",99,540,True,False,False,False,False,False,0,0.0,0.0,0.0,0.0,0.0,0.0,0.0,0.0,0.0,0,0,255263000,208531000,0,0,0,0,174703000,255263000,0,0,0,0,180876000,174703000,0,0,0,0,184433000,180876000,0,0,0,0,0,0,0,0
5406770560,"ООО ""НОВОМЕТ""",112,659,True,False,False,False,False,False,0,0.0,0.0,0.0,0.0,0.0,0.0,0.0,0.0,0.0,13856000,0,582952000,289846000,19010000,10293000,10474000,0,354455000,582952000,11091000,19010000,8919000,0,420653000,354455000,19239000,11091000,32449000,0,377981000,420653000,26721000,19239000,0,0,0,0,0,0
1650305033,"ООО ""ТД АКОС-ЧЕЛНЫ""",177,447,True,False,False,False,False,False,1800000,0.0,0.0,0.0,0.0,0.0,0.0,0.0,0.0,0.0,7292000,0,997414000,684177000,22440000,5625000,11172000,0,989254000,997414000,37017000,22440000,31331000,0,2254952000,989254000,-1171000,37017000,47117000,0,2805108000,2254952000,-221125000,-1171000,0,0,0,0,0,0
3123399750,"ООО ""КОМПАНИЯ ПРОЕКТ""",16,450,False,True,False,False,False,False,0,0.0,0.0,0.0,0.0,0.0,0.0,0.0,0.0,0.0,0,0,397415000,143950000,0,0,0,0,929931000,397415000,0,0,6646000,0,793371000,929931000,21713000,27725000,0,0,132804000,793371000,0,0,0,0,0,0,0,0
5262006464,"ООО ""НПП""ВАРС""",105,459,True,False,False,False,False,False,0,0.0,0.0,0.0,0.0,0.0,0.0,0.0,0.0,0.0,9846000,0,238540000,233314000,5335000,4519000,8319000,0,209633000,238540000,5304000,5335000,7354000,0,210388000,209633000,2642000,5304000,8355000,0,173987000,210388000,5961000,2642000,0,0,0,0,0,0
6321293840,"ООО ""ДЕКАБРЬ""",151,731,True,False,False,False,False,False,0,0.0,0.0,0.0,0.0,0.0,0.0,0.0,0.0,0.0,55615000,0,448567000,470860000,20384000,-22051000,61745000,0,523814000,448567000,18174000,20384000,61600000,0,644193000,523814000,12841000,18174000,59531000,0,739887000,644193000,-18343000,12841000,0,0,0,0,0,0
3662261994,"ООО ""ТД ""ВОСТОРГ""",32,538,True,False,False,False,False,False,0,0.0,0.0,0.0,0.0,0.0,0.0,0.0,0.0,0.0,42241000,0,543325000,435945000,6164000,8725000,26928000,0,519106000,543325000,39915000,6164000,15785000,0,419398000,519106000,34502000,39915000,4643000,0,533713000,419398000,27485000,34502000,0,0,0,0,0,0
3525392498,"ООО ""АВТО ДОМ ВОЛОГДА""",31,447,True,False,False,False,False,False,5402526,0.0,0.0,0.0,0.0,0.0,0.0,0.0,0.0,0.0,128874000,0,934960000,953576000,14861000,37085000,111858000,0,334018000,934960000,-469000,14861000,94909000,0,575986000,334018000,-187000,-469000,91855000,0,253792000,566271000,-1240000,-12392000,0,0,0,0,0,0
5720013838,"ООО ""ФЛИГЛРУСЬ""",119,603,True,False,False,False,False,False,0,0.0,0.0,0.0,0.0,0.0,0.0,0.0,0.0,0.0,45450000,0,502559000,401823000,66776000,34301000,51869000,0,353685000,502559000,41921000,66776000,51290000,0,70826000,353685000,12762000,41921000,51268000,0,28214000,70826000,-667000,12762000,0,0,0,0,0,0
7714377414,"ООО ""МЕГА ТРЕНД АВАНКО""",35,554,True,False,False,False,False,False,0,0.0,0.0,0.0,0.0,0.0,0.0,0.0,0.0,0.0,3275000,0,414309000,362064000,6692000,4216000,2374000,0,509064000,414309000,21018000,6692000,1599000,0,484920000,509064000,58876000,21018000,802000,0,456673000,484920000,19353000,58876000,0,0,0,0,0,0
4101147423,"ООО РПЗ ""МАКСИМОВСКИЙ""",57,19,True,False,False,False,False,False,0,0.0,0.0,0.0,0.0,0.0,0.0,0.0,0.0,0.0,2403027000,0,2354992000,791518000,1430604000,-127734000,2198922000,0,1555167000,2354992000,355513000,1392107000,1985444000,0,2414359000,1555167000,892950000,355513000,1906249000,0,1821002000,2414359000,648411000,892950000,0,0,0,0,0,0
6323094381,"ООО ""ЮНИФЛЭЙКС""",151,42,True,False,False,False,False,False,1779329,0.0,0.0,0.0,0.0,0.0,0.0,0.0,0.0,0.0,128865000,0,789385000,741448000,139817000,176433000,145437000,0,891824000,789385000,148707000,139817000,137897000,0,775903000,891824000,166035000,148707000,149186000,0,876763000,775903000,203509000,166035000,0,0,0,0,0,0
5410057144,"ООО ""РЕВЕРТЕК""",112,218,True,False,False,False,False,False,441778,0.0,0.0,0.0,0.0,0.0,0.0,0.0,0.0,0.0,552182000,0,400396000,249899000,6097000,17450000,456871000,0,654991000,400396000,65944000,5921000,388495000,0,489845000,654991000,4904000,65944000,563725000,0,440314000,489845000,10136000,4904000,0,0,0,0,0,0
1660058577,"ООО ""БАЗАЛЬТ""",96,659,True,False,False,False,False,False,154959035,0.0,0.0,0.0,0.0,0.0,0.0,0.0,10000.0,0.0,174022000,0,1916681000,1457757000,54223000,27495000,213020000,0,1458828000,1916681000,51960000,54223000,275136000,0,1967139000,1458828000,55724000,51960000,249377000,0,1247106000,1967139000,35063000,55724000,0,0,0,0,0,0
5013050840,"ООО ""ВОЛЬФ ГРУП ИСТ""",99,157,True,False,False,False,False,False,0,0.0,0.0,0.0,0.0,0.0,0.0,657.81,0.0,0.0,75499000,0,2014247000,1831749000,15255000,51234000,82293000,0,1680341000,2014247000,14320000,15255000,72823000,0,1975165000,1680341000,-4402000,14320000,78287000,0,1564625000,1975165000,-24829000,-4402000,0,0,0,0,0,0
2308124901,"ООО ""ПРОМЫШЛЕННОЕ СНАБЖЕНИЕ""",73,634,True,False,False,False,False,False,0,0.0,0.0,0.0,0.0,0.0,0.0,0.0,0.0,0.0,9771000,0,565047000,570212000,53911000,20598000,43000,0,736332000,565047000,22679000,53911000,3326000,0,882820000,736332000,62455000,22679000,5347000,0,844308000,882820000,2349000,62455000,0,0,0,0,0,0
4720027123,"ООО ""РУССКИЙ СЕВЕР""",31,73,True,False,False,False,False,False,0,0.0,0.0,0.0,0.0,0.0,0.0,0.0,10069677.77,9230410.42,540532000,0,3674349000,2374077000,360045000,219030000,588702000,0,4166700000,3674349000,809968000,360045000,561831000,0,2663375000,4166700000,578623000,809968000,536235000,0,368429000,2663375000,-15677000,578623000,0,0,0,0,0,0
2311284976,"ООО ""ФЕРРАТЕК-ЮГ""",73,659,True,False,False,False,False,False,76283,0.0,0.0,0.0,0.0,0.0,0.0,563892.81,0.0,0.0,39224000,0,7845500000,3040512000,201221000,122443000,119037000,0,5165757000,7845500000,49547000,201221000,101328000,0,5889315000,5165757000,84046000,49547000,208096000,0,5384849000,5889315000,81285000,84046000,0,0,0,0,0,0
3810310687,"ООО ПО ""РАДИАН""",49,335,True,False,False,False,False,False,26862911,0.0,0.0,0.0,0.0,0.0,0.0,499998.14,24000.0,24000.0,277430000,0,569831000,693706000,14538000,10885000,299768000,0,693436000,569831000,75605000,14538000,267263000,0,1532815000,693436000,170946000,75605000,266596000,0,701283000,1532815000,151712000,170946000,0,0,0,0,0,0
3662059523,"ООО ""ТП ХЛ""",34,508,True,False,False,False,False,False,0,0.0,0.0,0.0,0.0,0.0,0.0,0.0,0.0,0.0,3819000,0,1031399000,710484000,156062000,118296000,4997000,0,1345592000,1031399000,210130000,156062000,6961000,0,1271098000,1345592000,197032000,210130000,7039000,0,620984000,1271098000,45147000,197032000,0,0,0,0,0,0
6732058497,"ООО ""СОЛИД-СМОЛЕНСК""",170,625,True,False,False,False,False,False,69139898,0.0,0.0,0.0,0.0,0.0,0.0,0.0,0.0,0.0,23918000,0,12967645000,5920293000,252534000,376823000,14763000,0,20626145000,12967645000,733389000,252534000,59375000,0,34335920000,20626145000,1099952000,733389000,27105000,0,45541054000,34335920000,1042193000,1099952000,0,0,0,0,0,0
9703003812,"ООО ""ТД ""АДАМАНТ""",35,537,False,False,False,False,False,True,0,0.0,0.0,0.0,0.0,0.0,0.0,0.0,0.0,0.0,1080000,0,305038000,791521000,-647000,1620000,1066000,0,249458000,305038000,3527000,-647000,1089000,0,1165892000,249458000,18777000,3527000,0,0,0,0,0,0,0,0,0,0,0,0
7842181713,"ООО ""НПП РИЭЛТА""",153,307,True,False,False,False,False,False,22019331,0.0,0.0,0.0,0.0,0.0,0.0,0.0,0.0,0.0,3718000,0,503938000,239998000,70498000,40093000,7501000,0,644028000,503938000,149221000,70498000,11053000,0,672125000,644028000,147142000,149221000,21390000,0,653662000,672125000,150559000,147142000,0,0,0,0,0,0
4329015216,"ООО ""СФ""БЕЛКА-ФАВОРИТ""",67,441,True,False,False,False,False,False,11209460,0.0,0.0,0.0,0.0,0.0,0.0,0.0,0.0,0.0,47231000,0,563785000,501442000,28862000,9692000,90642000,0,460388000,563785000,78715000,28862000,87144000,0,347166000,460388000,28677000,78715000,94660000,0,374183000,347166000,-11768000,28677000,0,0,0,0,0,0
3663143577,"ООО ""АКТИВ""",34,543,True,False,False,False,False,False,0,0.0,0.0,0.0,0.0,0.0,0.0,0.0,0.0,0.0,0,0,738347000,541309000,3557000,-127000,0,0,969158000,738347000,14769000,3557000,0,0,890036000,969158000,20199000,14769000,0,0,1014269000,890036000,16327000,20199000,0,0,0,0,0,0
5262309660,"ООО ""СТАРТ""",106,593,True,False,False,False,False,False,0,0.0,0.0,0.0,0.0,0.0,0.0,0.0,0.0,0.0,0,0,173595000,135079000,0,0,0,0,141894000,173595000,0,0,0,0,128502000,141894000,0,0,0,0,125072000,128502000,0,0,0,0,0,0,0,0
3111504841,"ООО ""ТУЛЬЧИНКА.РУ""",18,32,True,False,False,False,False,False,0,0.0,0.0,0.0,0.0,0.0,0.0,0.0,0.0,0.0,234854000,0,1267190000,1049595000,-26056000,29308000,246071000,0,1467834000,1267190000,56779000,-26056000,222207000,0,1657948000,1467834000,57548000,56779000,212207000,0,1639434000,1657948000,14214000,57548000,0,0,0,0,0,0
7202169210,"ООО ""ФИНСКИЕ КРАСКИ""",189,602,True,False,False,False,False,False,0,0.0,0.0,0.0,0.0,0.0,0.0,0.0,0.0,0.0,0,0,93746000,152658000,0,0,0,0,16311000,93746000,0,0,0,0,7626000,16311000,0,0,0,0,0,7626000,0,0,0,0,0,0,0,0
7743272751,"АО ""ПРИМА ИНВЕСТ""",35,661,True,False,False,False,False,False,0,0.0,0.0,0.0,0.0,0.0,0.0,0.0,0.0,0.0,5543000,0,228874000,354070000,909000,1571000,6998000,0,237240000,228874000,-7580000,909000,9012000,0,342682000,237240000,-10293000,-7580000,10266000,0,455697000,342682000,5158000,-10293000,0,0,0,0,0,0
2224173363,"ООО ""РТ""",3,231,True,False,False,False,False,False,0,0.0,0.0,0.0,0.0,0.0,0.0,0.0,0.0,0.0,0,0,174594000,139924000,0,0,0,0,217906000,174594000,0,0,0,0,236045000,217906000,0,0,0,0,378815000,236045000,0,0,0,0,0,0,0,0
5823901465,"ООО ""НОВАЯ ИЗИДА""",124,39,True,False,False,False,False,False,0,0.0,0.0,0.0,0.0,0.0,0.0,0.0,750.0,750.0,15964000,0,532894000,571149000,16587000,20572000,17754000,0,589551000,532894000,29903000,16587000,24198000,0,553298000,589551000,38143000,29903000,23456000,0,572811000,553298000,45696000,38143000,0,0,0,0,0,0
2540229920,"ООО ""НЕФТЬБУНКЕР ДВ""",126,625,False,False,False,False,False,True,0,0.0,0.0,0.0,0.0,0.0,0.0,0.0,0.0,0.0,0,0,135097000,141652000,0,0,0,0,154402000,135097000,0,0,0,0,68365000,154402000,0,0,0,0,15194000,68365000,0,0,0,0,0,0,0,0
6658434777,"ООО ""УИЛ""",164,506,True,False,False,False,False,False,0,0.0,0.0,0.0,0.0,0.0,0.0,0.0,0.0,0.0,11950000,0,285965000,344200000,-6558000,12576000,0,0,330666000,285965000,0,0,0,0,550773000,330666000,0,0,0,0,204843000,550773000,0,0,0,0,0,0,0,0
7842018844,"ООО ""ЛЕВША ГРУПП""",36,620,True,False,False,False,False,False,3666911,0.0,0.0,0.0,0.0,0.0,0.0,0.0,0.0,0.0,0,0,331570000,212014000,0,0,0,0,176608000,331570000,0,0,0,0,223275000,176608000,0,0,0,0,211295000,223275000,0,0,0,0,0,0,0,0
7724680970,"ООО ""КАТОК""",35,231,True,False,False,False,False,False,5148920,0.0,0.0,0.0,0.0,0.0,0.0,0.0,0.0,0.0,24754000,0,297613000,309148000,9218000,28579000,41420000,0,545300000,297613000,37413000,9218000,0,0,710923000,545300000,0,0,0,0,780084000,710923000,0,0,0,0,0,0,0,0
6671079264,"ООО ""А-ДВЕРИ""",164,644,True,False,False,False,False,False,0,0.0,0.0,0.0,0.0,0.0,0.0,0.0,0.0,0.0,0,0,128061000,142543000,20728000,16033000,0,0,80825000,128061000,11400000,20728000,0,0,121044000,80825000,12594000,11400000,0,0,130708000,121044000,7605000,12594000,0,0,0,0,0,0
7604191664,"ООО ""МЕРКУРИЙ""",211,650,True,False,False,False,False,False,24745811,0.0,0.0,0.0,0.0,0.0,0.0,0.0,0.0,0.0,0,0,139729000,184282000,0,0,0,0,54651000,139729000,0,0,0,0,83183000,54651000,0,0,0,0,76521000,83183000,0,0,0,0,0,0,0,0
6163092640,"ООО ""КОМПАНИЯ ГЭНДАЛЬФ""",145,598,True,False,False,False,False,False,613742482,0.0,0.0,0.0,0.0,0.0,0.0,0.0,0.0,0.0,0,0,192643000,216790000,0,0,0,0,186543000,192643000,0,0,0,0,219487000,186543000,0,0,0,0,244358000,219487000,0,0,0,0,0,0,0,0
9715317725,"ООО ""РАВ КЕМИКАЛС""",96,651,False,True,False,False,False,False,0,0.0,0.0,0.0,0.0,0.0,0.0,0.0,0.0,0.0,9777000,0,1639501000,1114552000,200152000,153684000,6525000,0,2135749000,1639499000,204725000,200150000,741000,0,1311469000,2135749000,234948000,204725000,0,0,0,0,0,0,0,0,0,0,0,0
7729442264,"ООО ""ФУДЖИТОРА""",35,577,True,False,False,False,False,False,44985049,0.0,0.0,0.0,0.0,0.0,0.0,0.0,0.0,0.0,0,0,238494000,216141000,0,0,0,0,183595000,238494000,0,0,0,0,456706000,183595000,0,0,0,0,244067000,456706000,0,0,0,0,0,0,0,0
7810380610,"ООО ""СП ""ТРАНСПОСТАВКА""",35,614,False,True,False,False,False,False,424825112,0.0,0.0,0.0,0.0,0.0,0.0,0.0,0.0,0.0,2488000,0,911481000,820300000,24122000,-31459000,795000,0,879169000,911481000,116975000,24122000,2925000,0,38721000,879169000,-19226000,116975000,0,0,0,0,0,0,0,0,0,0,0,0
2464000780,"АО ""ФИРМА ""КУЛЬТБЫТСТРОЙ""",74,218,True,False,False,False,False,False,25825766724,0.0,0.0,0.0,0.0,0.0,0.0,0.0,2765.0,2765.0,858139000,0,4330820000,3464347000,166591000,8996000,1164506000,0,4743079000,4330820000,248614000,166591000,1121215000,0,7646034000,4743079000,554038000,248614000,1652373000,0,9437998000,7646034000,703151000,554038000,0,0,0,0,0,0
7811545449,"ООО ""УНИКУМПЛАСТ СЕВЕРО-ЗАПАД""",36,644,True,False,False,False,False,False,7551009,0.0,0.0,0.0,0.0,0.0,0.0,0.0,0.0,0.0,0,0,237994000,162503000,0,0,0,0,258820000,237994000,0,0,0,0,269732000,258820000,0,0,0,0,340304000,269732000,0,0,0,0,0,0,0,0
7446047626,"ООО ""МАГТРЕЙД""",199,635,True,False,False,False,False,False,833760,0.0,0.0,0.0,0.0,0.0,0.0,0.0,0.0,0.0,0,0,265204000,256787000,0,0,0,0,151668000,265204000,0,0,0,0,219679000,151668000,0,0,0,0,324674000,219679000,0,0,0,0,0,0,0,0
1102078858,"ООО ""ТОРГ-ПРОФИ""",137,614,True,False,False,False,False,False,4194554,0.0,0.0,0.0,0.0,0.0,0.0,0.0,0.0,0.0,0,0,105514000,167051000,0,0,0,0,126543000,105514000,0,0,0,0,121783000,126543000,0,0,0,0,190665000,121783000,0,0,0,0,0,0,0,0
7811656886,"ООО ""СВТ""",36,344,True,False,False,False,False,False,100193360,0.0,0.0,0.0,0.0,0.0,0.0,2156540.76,0.0,0.0,0,0,230678000,292569000,0,0,0,0,211390000,230678000,0,0,0,0,238184000,211390000,0,0,0,0,200350000,238184000,0,0,0,0,0,0,0,0
7726687668,"ООО ""ПОЗИТИВ БИО""",134,553,True,False,False,False,False,False,0,0.0,0.0,0.0,0.0,0.0,0.0,1481921.83,0.0,0.0,8858000,0,173649000,157099000,22065000,12154000,8010000,0,179571000,173649000,49140000,22065000,7799000,0,225615000,179571000,31729000,49140000,5336000,0,296167000,225615000,24797000,31729000,0,0,0,0,0,0
2311083123,"ООО ""ЧИСТАЯ ПЛАНЕТА""",73,572,True,False,False,False,False,False,2396783,0.0,0.0,0.0,0.0,0.0,0.0,0.0,0.0,0.0,0,0,300714000,239160000,0,0,0,0,274107000,300714000,0,0,0,0,280534000,274107000,0,0,0,0,278985000,280534000,0,0,0,0,0,0,0,0
7724779257,"ООО ""МАСМА-ДВ""",42,627,True,False,False,False,False,False,33902655,0.0,0.0,0.0,0.0,0.0,0.0,0.0,152937.45,152937.45,0,0,216729000,166735000,0,0,0,0,228831000,216729000,0,0,0,0,277597000,228831000,0,0,0,0,435769000,277597000,0,0,0,0,0,0,0,0
6162081460,"ООО ""КОМПАНИЯ РМС""",145,638,True,False,False,False,False,False,0,0.0,0.0,0.0,0.0,0.0,0.0,0.0,0.0,0.0,11016000,0,681231000,536542000,20309000,12054000,7559000,0,690618000,681231000,52102000,20309000,20831000,0,1373892000,690618000,150533000,52102000,29627000,0,2061969000,1373892000,359562000,152334000,0,0,0,0,0,0
5402462822,"ООО ""ЭНЕРГОКАПИТАЛ""",112,619,True,False,False,False,False,False,222741075,0.0,0.0,0.0,0.0,0.0,0.0,0.0,0.0,0.0,0,0,728145000,577683000,0,0,0,0,989699000,728145000,0,0,0,0,1372204000,989699000,0,0,50299000,0,1398202000,1372204000,310125000,228073000,0,0,0,0,0,0
9102051459,"ООО ""КАНЦЕЛЯРСКИЙ СЕРВИС""",137,584,True,False,False,False,False,False,167506527,0.0,0.0,0.0,0.0,0.0,0.0,0.0,0.0,0.0,0,0,152848000,120200000,0,0,0,0,172625000,152848000,0,0,0,0,137689000,172625000,0,0,0,0,168668000,137689000,0,0,0,0,0,0,0,0
7840384919,"ООО ""ЦВО""",153,576,True,False,False,False,False,False,39920974,0.0,0.0,0.0,0.0,0.0,0.0,0.0,0.0,0.0,178000,0,264590000,232743000,22416000,14881000,79000,0,260622000,264590000,34891000,22416000,32000,0,135993000,260622000,6732000,34891000,0,0,185004000,135993000,0,0,0,0,0,0,0,0
7730660563,"ООО ""ТБС""",96,596,True,False,False,False,False,False,278165023,0.0,0.0,0.0,0.0,0.0,0.0,0.0,0.0,0.0,5302000,0,508669000,321276000,110869000,49932000,14134000,0,268293000,508669000,29681000,110869000,38862000,0,654935000,268293000,100490000,29681000,26876000,0,716835000,654935000,71727000,100490000,0,0,0,0,0,0
7734683917,"ООО ""РЕГИОН ЭКСПЕРТ""",95,734,True,False,False,False,False,False,0,0.0,0.0,0.0,0.0,0.0,0.0,0.0,0.0,0.0,0,0,137263000,130221000,0,0,0,0,88489000,137263000,0,0,0,0,50967000,88489000,0,0,0,0,94156000,50967000,0,0,0,0,0,0,0,0
2222786822,"ООО ""ПРОЦВЕТАНИЕ""",3,573,True,False,False,False,False,False,0,0.0,0.0,0.0,0.0,0.0,0.0,0.0,0.0,0.0,347000,0,233421000,174522000,14553000,11207000,214000,0,199873000,233421000,9994000,14553000,137000,0,230377000,199873000,11335000,9994000,626000,0,232149000,230377000,11607000,11335000,0,0,0,0,0,0
2371003362,"ООО ""ЛАЗУРИТ""",73,532,True,False,False,False,False,False,0,0.0,0.0,0.0,0.0,0.0,0.0,0.0,0.0,0.0,0,0,334336000,228091000,912000,10372000,25000,0,324563000,334336000,1048000,912000,4000,0,411062000,324563000,1513000,1048000,0,0,518794000,411062000,4107000,1513000,0,0,0,0,0,0
5805003204,"ООО ""БИЗНЕС-ЦЕНТР ЛИНА""",124,421,True,False,False,False,False,False,95000,0.0,0.0,0.0,0.0,0.0,0.0,0.0,0.0,0.0,66380000,0,167366000,148816000,3972000,11673000,73615000,0,206643000,167366000,4016000,3972000,67641000,0,241221000,206643000,11751000,4016000,62920000,0,268024000,241221000,13420000,11751000,0,0,0,0,0,0
5506216973,"ООО ""ВОСТОКСПЕЦТРЕЙД""",115,459,True,False,False,False,False,False,28696182,0.0,0.0,0.0,0.0,0.0,0.0,0.0,0.0,0.0,351000,0,662916000,589376000,53069000,43104000,180000,0,1299258000,662916000,215509000,53069000,17748000,0,1406158000,1299258000,210187000,215509000,17116000,0,924279000,1406158000,99376000,210187000,0,0,0,0,0,0
7430017986,"ООО ""ПСП""",35,42,True,False,False,False,False,False,2214358,0.0,0.0,0.0,0.0,0.0,0.0,0.0,0.0,0.0,27528000,0,327428000,468193000,3096000,360000,22089000,0,321072000,327428000,3812000,3096000,83978000,0,429260000,321072000,1137000,3812000,0,0,0,0,0,0,0,0,0,0,0,0
3123097929,"ООО ""ЛИНДОР""",18,233,True,False,False,False,False,False,6527576422,0.0,0.0,0.0,0.0,0.0,0.0,0.0,0.0,0.0,159028000,0,434040000,746601000,30841000,9276000,120494000,0,677719000,434040000,18075000,30841000,124221000,0,677832000,677719000,8947000,18075000,100166000,0,701026000,677832000,13260000,8947000,0,0,0,0,0,0
5047206790,"ООО ""АРТ ОЙЛ ПРЕМЬЕР""",99,625,True,False,False,False,False,False,0,0.0,0.0,0.0,0.0,0.0,0.0,0.0,0.0,0.0,248000,0,902041000,635188000,32235000,498000,4215000,0,619549000,902041000,126156000,32235000,302000,0,561397000,619549000,54612000,126156000,32000,0,460929000,561397000,24555000,54612000,0,0,0,0,0,0
3526032699,"ООО ""КОНСТАНТА""",30,482,True,False,False,False,False,False,0,0.0,0.0,0.0,0.0,0.0,0.0,0.0,0.0,0.0,1669000,0,175000000,125000000,5200000,2650000,0,0,0,175000000,0,5200000,0,0,37262000,175000000,-9499000,5200000,1419000,0,88410000,37262000,8122000,-9499000,0,0,0,0,0,0
1216007191,"ООО ""МЭФК""",138,690,True,False,False,False,False,False,0,0.0,0.0,0.0,0.0,0.0,0.0,0.0,0.0,0.0,37790000,0,166414000,150104000,3340000,5831000,34935000,0,188146000,166414000,11800000,3340000,32073000,0,183742000,188146000,10144000,11800000,29235000,0,201030000,183742000,10955000,10144000,0,0,0,0,0,0
3123353837,"ООО ""АСТЕР""",18,638,True,False,False,False,False,False,0,0.0,0.0,0.0,0.0,0.0,0.0,0.0,0.0,0.0,0,0,202058000,136608000,0,0,0,0,162219000,202058000,0,0,0,0,214186000,162219000,0,0,0,0,244493000,214186000,0,0,0,0,0,0,0,0
7811625260,"ООО ""ЭЛЕКТРОЛИНИЯ""",36,639,False,False,False,True,False,False,73016571,0.0,0.0,0.0,0.0,0.0,0.0,0.0,0.0,0.0,2039000,0,156260000,131778000,1073000,8232000,1835000,0,262957000,156260000,16071000,1073000,1631000,0,309917000,262957000,13895000,16071000,0,0,54606000,309917000,-1669000,13895000,0,0,0,0,0,0
7838455376,"ООО  ""БИФПИТЕР""",36,524,True,False,False,False,False,False,0,0.0,0.0,0.0,0.0,0.0,0.0,0.0,0.0,0.0,0,0,842739000,1354393000,281000,24744000,0,0,474242000,842739000,-5314000,281000,0,0,89310000,474242000,3361000,-5314000,0,0,15752000,89310000,-4092000,3361000,0,0,0,0,0,0
5823009248,"ООО ОРБ ""ЯРМАРКА""",97,544,False,False,True,False,False,False,0,0.0,0.0,0.0,0.0,0.0,0.0,158522.43,59858.75,0.0,0,0,958588000,343261000,0,0,0,0,0,0,0,0,0,0,118243000,0,0,0,0,0,33941000,118243000,0,0,0,0,0,0,0,0
5005052562,"ООО ""КОНТРАКТ ЛТД""",98,573,True,False,False,False,False,False,0,0.0,0.0,0.0,0.0,0.0,0.0,0.0,0.0,0.0,19257000,0,206851000,194237000,93412000,97309000,25095000,0,288814000,206851000,129519000,93412000,26823000,0,533465000,288814000,180995000,129519000,121785000,0,765655000,533465000,271677000,181001000,0,0,0,0,0,0
7726429040,"ООО ""КОМТЕЛ""",35,614,True,False,False,False,False,False,0,0.0,0.0,0.0,0.0,0.0,0.0,0.0,0.0,0.0,5432000,0,461094000,450287000,18447000,32334000,3692000,0,789489000,461094000,60247000,18447000,3982000,0,782017000,789489000,65662000,60247000,3698000,0,1148074000,782017000,102705000,65662000,0,0,0,0,0,0
6148559112,"ООО ""ТЕХНОПРОМ""",145,626,True,False,False,False,False,False,0,0.0,0.0,0.0,0.0,0.0,0.0,0.0,0.0,0.0,0,0,486584000,276179000,46733000,37162000,0,0,744768000,486584000,74955000,46733000,0,0,639876000,744768000,66632000,74955000,0,0,1193020000,639876000,197477000,66632000,0,0,0,0,0,0
4346047144,"АО ""ВЕСТА""",67,346,True,False,False,False,False,False,0,0.0,0.0,0.0,0.0,0.0,0.0,0.0,0.0,0.0,1026093000,0,7119875000,5963058000,84994000,169202000,1452750000,0,6154484000,7119875000,584486000,84994000,1506682000,0,4847589000,6154484000,211123000,584486000,1898257000,0,5432184000,4847589000,53261000,197460000,0,0,0,0,0,0
7727404778,"ООО ""МИК ТРЕЙДИНГ""",35,625,False,False,False,False,False,True,0,0.0,0.0,0.0,0.0,0.0,0.0,0.0,0.0,0.0,0,0,247962000,216724000,27851000,26156000,0,0,114501000,247962000,11322000,27851000,0,0,133524000,114501000,4683000,11322000,0,0,64602000,133524000,-182000,4683000,0,0,0,0,0,0
2465270589,"ООО ""АКВАФОР-КРАСНОЯРСК""",74,595,False,False,False,False,False,True,395400,0.0,0.0,0.0,0.0,0.0,0.0,0.0,0.0,0.0,120000,0,397095000,253445000,6030000,6439000,0,0,441270000,397095000,21578000,6030000,0,0,255080000,441270000,10322000,21578000,0,0,43849000,255080000,-6175000,10322000,0,0,0,0,0,0
7735584073,"ООО ""БЬЮТИСЕРВИС""",35,573,True,False,False,False,False,False,0,0.0,0.0,0.0,0.0,0.0,0.0,0.0,0.0,0.0,10042000,0,1258514000,889017000,45912000,35139000,4827000,0,1483528000,1258514000,74071000,45912000,8366000,0,891205000,1483528000,78213000,74071000,2324000,0,877373000,891205000,32709000,78213000,0,0,0,0,0,0
2373009659,"ООО ""КУБАНСКИЙ ПРОДУКТ""",73,55,True,False,False,False,False,False,321657,0.0,0.0,0.0,0.0,0.0,0.0,0.0,0.0,0.0,11619000,0,242043000,176360000,9560000,8993000,14481000,0,319305000,242043000,2687000,7982000,20680000,0,327331000,319305000,3086000,2687000,20437000,0,238663000,327331000,2677000,3086000,0,0,0,0,0,0
5258138813,"ООО ""МОЛПРОД НН""",106,528,True,False,False,False,False,False,0,0.0,0.0,0.0,0.0,0.0,0.0,0.0,0.0,0.0,21035000,0,834615000,714322000,9779000,5370000,0,0,1000,835483000,1000,6846000,23733000,0,1085023000,973206000,15706000,10586000,0,0,0,1085023000,0,15706000,0,0,0,0,0,0
2464228016,"ООО ""КОМПАНИЯ РЭЙ""",74,260,True,False,False,False,False,False,850065,0.0,0.0,0.0,0.0,0.0,0.0,2713004.34,0.0,0.0,4505000,0,339649000,213955000,122000,5563000,6447000,0,237102000,339649000,-7861000,122000,35923000,0,353898000,237102000,8883000,-7861000,79350000,0,410753000,353898000,6084000,8883000,0,0,0,0,0,0
7802634533,"ООО ""ЭРКАФАРМ САНКТ-ПЕТЕРБУРГ""",36,731,True,False,False,False,False,False,0,0.0,0.0,0.0,0.0,0.0,0.0,0.0,0.0,0.0,120783000,0,2460932000,2642125000,-186177000,-202619000,1041590000,0,2838819000,2460932000,-40613000,-186177000,882653000,0,2916477000,2838819000,-109327000,-40613000,953917000,0,3458258000,2916477000,54967000,-109327000,0,0,0,0,0,0
5610071410,"ООО ""АГРОЦЕНТР""",118,603,True,False,False,False,False,False,150731974,0.0,0.0,0.0,0.0,0.0,0.0,0.0,0.0,0.0,210872000,0,5042128000,3858770000,279920000,272278000,223568000,0,4599623000,5042128000,449102000,279920000,241370000,0,5897904000,4599623000,398878000,449102000,357426000,0,5124413000,5897904000,209253000,398878000,0,0,0,0,0,0
2536297090,"ООО ""ВЛ ТРАСТ""",126,544,True,False,False,False,False,False,0,0.0,0.0,0.0,0.0,0.0,0.0,0.0,0.0,0.0,0,0,227858000,157129000,0,0,0,0,254317000,227858000,0,0,0,0,368829000,254461000,0,0,0,0,422985000,368829000,0,0,0,0,0,0,0,0
7722361376,"ООО ""АБЕЛИЯ ГРУПП""",35,724,True,False,False,False,False,False,0,0.0,0.0,0.0,0.0,0.0,0.0,0.0,0.0,0.0,2199000,0,289555000,240403000,31335000,17328000,2897000,0,292496000,289555000,33305000,31335000,24542000,0,257131000,292496000,34024000,33305000,20352000,0,194118000,257131000,7239000,34024000,0,0,0,0,0,0
6119009717,"ООО ""ВИТЯЗЬ""",144,536,True,False,False,False,False,False,0,0.0,0.0,0.0,0.0,0.0,0.0,0.0,0.0,0.0,0,0,7252396000,5325890000,6264000,1663000,1049000,0,7514207000,7252396000,152039000,6264000,3816000,0,9577285000,7514207000,227058000,152039000,2306000,0,10956761000,9577285000,258002000,227058000,0,0,0,0,0,0
7810684545,"ООО ""АВТОПИЛОТ""",153,445,False,False,False,False,True,False,0,0.0,0.0,0.0,0.0,0.0,0.0,0.0,0.0,0.0,174748000,0,1678427000,1764394000,-95544000,34555000,260306000,0,953888000,1678427000,-35353000,-95544000,363557000,0,802848000,953888000,-8652000,-35353000,186354000,0,1268517000,802848000,-4585000,-8652000,0,0,0,0,0,0
2342018445,"ООО ""МОЛОЧНЫЙ ЗАВОД ""ЯРОСЛАВСКИЙ""",73,34,True,False,False,False,False,False,0,0.0,0.0,0.0,0.0,0.0,0.0,0.0,0.0,0.0,0,0,148639000,140096000,0,0,0,0,161854000,148639000,0,0,0,0,172964000,161854000,0,0,0,0,199251000,172964000,0,0,0,0,0,0,0,0
7205022544,"ООО ""ИШИМСКИЙ КОМБИНАТ ХЛЕБОПРОДУКТОВ""",189,42,True,False,False,False,False,False,8906883,0.0,0.0,0.0,0.0,0.0,0.0,0.0,0.0,0.0,81419000,0,1045817000,1188365000,-43955000,23119000,78873000,0,1019713000,1045817000,14009000,-43955000,73464000,0,1184441000,1019713000,25145000,14009000,69197000,0,1152661000,1184441000,18364000,25145000,0,0,0,0,0,0
7727557809,"ООО ""КЛИВЛЕНД ТЕХНОЛОДЖИС""",35,696,True,False,False,False,False,False,0,0.0,0.0,0.0,0.0,0.0,0.0,0.0,0.0,0.0,96000,0,497954000,677042000,-14239000,-24723000,0,0,211070000,497954000,1701000,-14235000,0,0,24380000,211070000,-374000,1701000,0,0,1621000,24380000,-54000,-374000,0,0,0,0,0,0
2907007241,"ООО ""ПРОТОН""",9,118,True,False,False,False,False,False,0,0.0,0.0,0.0,0.0,0.0,0.0,0.0,0.0,0.0,77124000,0,439435000,230397000,62116000,9857000,70463000,0,216177000,439435000,-3058000,62116000,93752000,0,244437000,216177000,3828000,-3058000,111629000,0,256887000,244437000,1250000,3828000,0,0,0,0,0,0
9715315439,"ООО ""ПРЕМИУМ КОСМЕТИКА""",96,573,False,True,False,False,False,False,0,0.0,0.0,0.0,0.0,0.0,0.0,0.0,0.0,0.0,607000,0,500417000,403300000,106769000,77944000,0,0,274168000,500417000,0,0,0,0,512423000,274168000,0,0,0,0,0,0,0,0,0,0,0,0,0,0
1644017710,"ООО ""АЛЬПРИНТ""",176,142,True,False,False,False,False,False,0,0.0,0.0,0.0,0.0,0.0,0.0,0.0,0.0,0.0,0,0,239048000,234900000,0,0,0,0,257380000,239048000,0,0,0,0,183394000,257380000,0,0,0,0,143380000,183394000,0,0,0,0,0,0,0,0
1660146551,"ООО ""ТК КАЗАНЬСЕЛЬМАШ""",142,604,True,False,False,False,False,False,0,0.0,0.0,0.0,0.0,0.0,0.0,0.0,0.0,0.0,16500000,0,1674984000,964404000,31018000,17307000,16500000,0,1824147000,1674984000,37288000,31018000,16500000,0,2532856000,1824147000,15654000,37288000,16727000,0,2540550000,2532856000,19979000,15654000,0,0,0,0,0,0
7728709204,"ООО ""БЮРО ФИТОДИЗАЙНА ""ФИКУС""",96,515,True,False,False,False,False,False,23422552,0.0,0.0,0.0,0.0,0.0,0.0,9107276.58,0.0,0.0,5388000,0,203505000,224470000,4241000,2182000,579000,0,222422000,203505000,3767000,4241000,1431000,0,419949000,222422000,11291000,3767000,1431000,0,357076000,419949000,8972000,11291000,0,0,0,0,0,0
3528018643,"ООО ПКП ""САЛЬВЕ""",31,460,True,False,False,False,False,False,0,0.0,0.0,0.0,0.0,0.0,0.0,0.0,0.0,0.0,11560000,0,160504000,151732000,14238000,12362000,10944000,0,113474000,160504000,9802000,14238000,10276000,0,113154000,113474000,13950000,9802000,10858000,0,135387000,113154000,17266000,13950000,0,0,0,0,0,0
6670193239,"ООО ""МК АЛЬТЕРНАТИВА""",163,638,True,False,False,False,False,False,0,0.0,0.0,0.0,0.0,0.0,0.0,0.0,0.0,0.0,8559000,0,347626000,478825000,7541000,8749000,6503000,0,582366000,347626000,14810000,7541000,24571000,0,618269000,582366000,5450000,14810000,18399000,0,289030000,618269000,8534000,5450000,0,0,0,0,0,0
5402582975,"ООО ""ГЕРМЕКС""",110,192,True,False,False,False,False,False,0,0.0,0.0,0.0,0.0,0.0,0.0,0.0,0.0,0.0,0,0,265930000,225367000,0,0,0,0,299371000,265930000,0,0,0,0,329195000,299371000,0,0,0,0,361952000,329195000,0,0,0,0,0,0,0,0
7719443156,"ООО ""АННА ЛАФАРГ""",35,570,True,False,False,False,False,False,0,0.0,0.0,0.0,0.0,0.0,0.0,0.0,0.0,0.0,0,0,542038000,456620000,0,0,1140000,0,806877000,542038000,202630000,90741000,834000,0,940032000,806877000,295790000,202630000,6748000,0,824166000,940032000,236708000,295790000,0,0,0,0,0,0
5405488650,"ООО ""ФУД ИНГРЕДИЕНТС""",112,661,True,False,False,False,False,False,0,0.0,0.0,0.0,0.0,0.0,0.0,0.0,1000.0,0.0,831000,0,312202000,299037000,46489000,39926000,647000,0,380338000,312202000,54404000,46489000,463000,0,486939000,380338000,93536000,54404000,2643000,0,561338000,486939000,111613000,93536000,0,0,0,0,0,0
5404173086,"ЗАО ""ЭЛСИ СТАЛЬКОНСТРУКЦИЯ""",112,260,True,False,False,False,False,False,5357524,0.0,0.0,0.0,0.0,0.0,0.0,1638.5,0.0,0.0,324237000,0,1976502000,1261947000,49767000,18564000,327204000,0,3277203000,1976502000,244890000,49767000,334570000,0,3080008000,3277203000,226492000,244891000,268940000,0,4138809000,3080008000,225658000,228153000,0,0,0,0,0,0
3665025804,"ООО ""ГИДРОСИСТЕМЫ РЕГИОН""",34,401,True,False,False,False,False,False,10157574,0.0,0.0,0.0,0.0,0.0,0.0,7287603.58,0.0,0.0,36779000,0,131391000,492114000,29640000,149228000,23463000,0,97289000,131391000,19890000,29640000,11112000,0,22371000,97289000,-2029000,19890000,2005000,0,30000,22371000,-6135000,-2029000,0,0,0,0,0,0
7724755070,"ООО ""АЙТЕК""",96,335,True,False,False,False,False,False,170000,0.0,0.0,0.0,0.0,0.0,0.0,0.0,0.0,0.0,15340000,0,1124939000,938086000,100067000,98457000,22622000,0,1867973000,1124939000,349696000,100067000,23877000,0,1914353000,1867973000,154823000,349386000,123896000,0,2082884000,1914353000,101537000,154823000,0,0,0,0,0,0
9102054097,"ООО ""КЦЭТ""",137,651,True,False,False,False,False,False,578350,0.0,0.0,0.0,0.0,0.0,0.0,0.0,18099.89,258569.88,0,0,197596000,153619000,0,0,0,0,208052000,197596000,0,0,0,0,219655000,208052000,0,0,0,0,221617000,219655000,0,0,0,0,0,0,0,0
7721102210,ООО ПРЕДПРИЯТИЕ МБ,35,231,True,False,False,False,False,False,0,0.0,0.0,0.0,0.0,0.0,0.0,0.0,0.0,0.0,13355000,0,222226000,206533000,27036000,29728000,12659000,0,205546000,222226000,20746000,27036000,12140000,0,206059000,205546000,9328000,20746000,11001000,0,241007000,206059000,26504000,9328000,0,0,0,0,0,0
5009103458,"ООО ""ОН-ЛАЙН МАГАЗИН ЗООГАЛЕРЕЯ""",99,757,True,False,False,False,False,False,0,0.0,0.0,0.0,0.0,0.0,0.0,0.0,0.0,0.0,0,0,194218000,126500000,0,0,0,0,212825000,194218000,0,0,0,0,246385000,212825000,0,0,0,0,171657000,246385000,0,0,0,0,0,0,0,0
7726297989,"ООО ""СОЛЕНИС ЕВРАЗИЯ""",96,653,True,False,False,False,False,False,63617776,0.0,0.0,0.0,0.0,0.0,0.0,0.0,0.0,0.0,396928000,0,5460846000,4416552000,672241000,805822000,483816000,0,7753525000,5460846000,1812490000,672241000,569075000,0,6399785000,7753525000,1977426000,1812490000,520554000,0,3634424000,6399785000,719216000,1977426000,0,0,0,0,0,0
1655174176,"АО ""СУВАР-КАЗАНЬ""",142,475,True,False,False,False,False,False,0,0.0,0.0,0.0,0.0,0.0,0.0,0.0,12822.0,2822.0,688719000,0,290888000,331719000,157713000,49610000,717190000,0,594338000,290888000,485061000,157713000,783299000,0,1413349000,594338000,1274431000,485061000,788032000,0,1987930000,1413349000,1737854000,1274431000,0,0,0,0,0,0
9725008109,"ООО ""МАКСИ-МЕД""",96,575,True,False,False,False,False,False,1057586421,0.0,0.0,0.0,0.0,0.0,0.0,0.0,0.0,0.0,0,0,566711000,348439000,0,0,0,0,247057000,566711000,0,0,0,0,187884000,247057000,0,0,0,0,409332000,187884000,0,0,0,0,0,0,0,0
5403045420,"ООО ""СИГМА""",111,524,True,False,False,False,False,False,0,0.0,0.0,0.0,0.0,0.0,0.0,23252.77,0.0,0.0,163000,0,135576000,205456000,-578000,4030000,81000,0,57384000,135576000,-7000000,-578000,44000,0,29190000,57384000,-4411000,-7000000,0,0,0,0,0,0,0,0,0,0,0,0
6324052105,"ООО ""ПСК""",151,575,True,False,False,False,False,False,12771664,0.0,0.0,0.0,0.0,0.0,0.0,0.0,0.0,0.0,0,0,180560000,184974000,0,0,0,0,254454000,180560000,0,0,0,0,128205000,254454000,0,0,0,0,226495000,128205000,0,0,0,0,0,0,0,0
7203014410,"ООО ""КОВЧЕГ""",189,704,True,False,False,False,False,False,825810,0.0,0.0,0.0,0.0,0.0,0.0,0.0,0.0,0.0,30459000,0,176221000,153687000,4016000,3829000,33394000,0,183679000,176221000,5833000,4016000,3056000,0,196777000,183679000,13217000,5833000,2775000,0,183888000,196777000,11435000,13217000,0,0,0,0,0,0
2804017858,"ООО НПО ""МЭМ""",25,260,True,False,False,False,False,False,0,0.0,0.0,0.0,0.0,0.0,0.0,0.0,10000.0,0.0,46286000,0,1324120000,1268673000,-132581000,-2668000,412359000,0,1331826000,1324120000,132433000,-132581000,312253000,0,1894864000,1331826000,221358000,132433000,253704000,0,1459218000,1894864000,50472000,221358000,0,0,0,0,0,0
7733711505,"ООО ""ЛАБОРАТОРНЫЙ ПРОЕКТ""",95,577,False,False,False,False,True,False,596392049,0.0,0.0,0.0,0.0,0.0,0.0,0.0,0.0,0.0,3478000,0,1318773000,1190683000,219619000,244435000,36597000,0,976272000,1318773000,97846000,219619000,39010000,0,882378000,976272000,63939000,97846000,67754000,0,1821528000,882378000,122881000,63939000,0,0,0,0,0,0
7715473978,"ООО ""ВИКОН""",35,651,True,False,False,False,False,False,0,0.0,0.0,0.0,0.0,0.0,0.0,0.0,0.0,0.0,0,0,373388000,166326000,0,0,0,0,90264000,373388000,0,0,0,0,18887000,90264000,0,0,0,0,9533000,18887000,0,0,0,0,0,0,0,0
2224061638,"ООО ""СИБИРСКОЕ ПОДВОРЬЕ""",3,34,True,False,False,False,False,False,0,0.0,0.0,0.0,0.0,0.0,0.0,0.0,0.0,0.0,71167000,0,749304000,705124000,-4514000,70253000,64299000,0,783328000,749304000,36112000,-4514000,55043000,0,668606000,783328000,19437000,36112000,28243000,0,699882000,668606000,26205000,19437000,0,0,0,0,0,0
7718595935,"ООО ""ДЕГОН-СЕРВИС""",35,557,True,False,False,False,False,False,0,0.0,0.0,0.0,0.0,0.0,0.0,0.0,0.0,0.0,17000000,0,955900000,791164000,160812000,194643000,24691000,0,997131000,955900000,155295000,160812000,48669000,0,1453024000,997131000,385462000,155295000,257108000,0,1790100000,1453024000,436109000,385462000,0,0,0,0,0,0
7713463893,"ООО ""ПРОФТЕКС""",95,558,True,False,False,False,False,False,0,0.0,0.0,0.0,0.0,0.0,0.0,0.0,0.0,0.0,0,0,244511000,206299000,0,0,0,0,303225000,244511000,0,0,0,0,247905000,303225000,0,0,0,0,225971000,247905000,0,0,0,0,0,0,0,0
5259084350,"ООО ""ВОЛГА-МЕТАЛЛ""",105,659,True,False,False,False,False,False,0,0.0,0.0,0.0,0.0,0.0,0.0,0.0,0.0,0.0,15333000,0,529685000,364778000,19239000,17126000,12232000,0,402842000,529685000,18038000,19239000,9066000,0,439832000,402842000,16237000,18038000,8922000,0,330168000,439832000,9155000,16237000,0,0,0,0,0,0
5754006620,"ООО ""ИНСТРУМЕНТ-СЕРВИС""",121,282,True,False,False,False,False,False,0,0.0,0.0,0.0,0.0,0.0,0.0,0.0,0.0,0.0,60017000,0,816858000,736849000,143799000,61162000,133880000,0,1006663000,816858000,157081000,143799000,550498000,0,1084272000,1006663000,142904000,157081000,647084000,0,1266274000,1084272000,219151000,142904000,0,0,0,0,0,0
1114003938,"ООО ""КОМИЛЕСБИЗНЕС""",136,117,True,False,False,False,False,False,556651,0.0,0.0,0.0,0.0,0.0,0.0,0.0,0.0,0.0,252369000,0,869906000,552169000,211674000,28775000,257651000,0,700673000,869906000,161819000,211674000,309290000,0,658750000,700673000,-9216000,155596000,371512000,0,696472000,658750000,-34149000,-9216000,0,0,0,0,0,0
4345004772,"ООО ""ВЯТСКИЙ СМЦ""",67,634,False,False,False,False,True,False,7129939,0.0,0.0,0.0,0.0,0.0,0.0,0.0,0.0,0.0,3944000,0,1598518000,1129566000,78120000,22555000,4049000,0,1471070000,1598518000,922000,78120000,8839000,0,1726329000,1471070000,40623000,922000,2154000,0,1980483000,1726329000,9375000,40623000,0,0,0,0,0,0
7728364408,"ООО ""ПБФ СЕРВИС""",99,596,False,False,False,True,False,False,0,0.0,0.0,0.0,0.0,0.0,0.0,0.0,0.0,0.0,0,0,26324000,135642000,0,0,0,0,148164000,26324000,0,0,0,0,185282000,148164000,0,0,0,0,56526000,185282000,0,0,0,0,0,0,0,0
6671024057,"ООО ""АСПЕКТ НТ""",164,495,True,False,False,False,False,False,59013,0.0,0.0,0.0,0.0,0.0,0.0,0.0,0.0,0.0,0,0,180702000,184006000,0,0,0,0,254817000,180702000,0,0,0,0,306998000,254817000,0,0,0,0,316337000,306998000,0,0,0,0,0,0,0,0
7814614852,"ООО ""ИТАГРО ГРУПП""",36,661,True,False,False,False,False,False,0,0.0,0.0,0.0,0.0,0.0,0.0,0.0,0.0,0.0,0,0,320382000,307023000,0,0,0,0,309281000,320382000,0,0,0,0,379175000,309281000,0,0,0,0,483436000,379175000,0,0,0,0,0,0,0,0
2901188425,"ООО ""КОНТАКТ ПОМОРЬЕ""",8,468,False,True,False,False,False,False,205754494,0.0,0.0,0.0,0.0,0.0,0.0,0.0,0.0,0.0,85000,0,986336000,770669000,8788000,8754000,64000,0,655232000,986336000,6733000,8788000,604000,0,295873000,655232000,-4237000,6733000,0,0,0,0,0,0,0,0,0,0,0,0
2221123220,"ООО ""ПРОДАК""",3,549,True,False,False,False,False,False,2923332,0.0,0.0,0.0,0.0,0.0,0.0,0.0,0.0,0.0,16648000,0,218778000,168310000,-1675000,2285000,0,0,249093000,218778000,0,0,0,0,232733000,249093000,0,0,0,0,125415000,232733000,0,0,0,0,0,0,0,0
6455018838,"ООО ""СТАММ""",156,196,False,True,False,False,False,False,4153464,0.0,0.0,0.0,0.0,0.0,0.0,0.0,0.0,0.0,354185000,0,1175312000,903355000,-12641000,-265660000,321282000,0,604480000,1175312000,46522000,-12641000,311464000,0,692247000,604480000,118294000,46522000,203014000,0,586444000,692247000,94213000,118294000,0,0,0,0,0,0
7806303194,"АО ""АВАНГАРД ПИСКАРЁВСКИЙ""",153,444,True,False,False,False,False,False,3773000,0.0,0.0,0.0,0.0,0.0,0.0,0.0,0.0,0.0,53047000,0,2335084000,1762178000,110701000,36545000,55348000,0,1281162000,2335084000,-24094000,110701000,125426000,0,1109839000,1281162000,-38773000,-24094000,89906000,0,858595000,1109839000,-39161000,-38773000,0,0,0,0,0,0
7415087442,"ООО ""СПЕЦЗАПЧАСТЬ""",199,623,True,False,False,False,False,False,0,0.0,0.0,0.0,0.0,0.0,0.0,0.0,0.0,0.0,167648000,0,1863104000,1507434000,1285000,12495000,177601000,0,1695846000,1863104000,13122000,1285000,13165000,0,2952554000,1695846000,-2556000,13122000,25433000,0,3909764000,2952554000,5115000,-2556000,0,0,0,0,0,0
6658016201,"ООО ПРЕДПРИЯТИЕ ""ВЕГА""",164,638,True,False,False,False,False,False,0,0.0,0.0,0.0,0.0,0.0,0.0,0.0,0.0,0.0,6008000,0,318424000,275444000,15418000,5223000,7225000,0,396020000,318424000,6320000,15418000,4469000,0,445180000,396020000,9425000,6320000,6169000,0,461365000,445180000,10063000,9425000,0,0,0,0,0,0
6168083738,"ООО ""ЭНЕРГОСВЯЗЬ""",145,661,True,False,False,False,False,False,22093113,0.0,0.0,0.0,0.0,0.0,0.0,0.0,0.0,0.0,0,0,147877000,130697000,0,0,0,0,131960000,147877000,0,0,0,0,90315000,131960000,0,0,0,0,49099000,90315000,0,0,0,0,0,0,0,0
3702699466,"ООО ""ВЕКТОР""",45,100,False,False,False,False,True,False,236222465,0.0,0.0,0.0,0.0,0.0,0.0,0.0,0.0,0.0,46270000,0,762080000,602162000,94519000,38761000,42183000,0,467641000,762085000,30812000,50923000,81099000,0,784023000,467641000,39277000,30812000,114454000,0,796448000,784023000,86589000,39277000,0,0,0,0,0,0
5401305707,"ООО ""НЛ КОНТИНЕНТ""",112,63,True,False,False,False,False,False,0,0.0,0.0,0.0,0.0,0.0,0.0,0.0,0.0,0.0,494762000,0,7402517000,3574149000,1686899000,890207000,563716000,0,8522885000,7402517000,2526669000,1686899000,600067000,0,9385210000,8522885000,1953708000,2526669000,2211733000,0,14071533000,9385210000,2196564000,1953708000,0,0,0,0,0,0
7716762330,"ООО ""ЕВРО КЕМИКАЛС""",96,642,True,False,False,False,False,False,2179018,0.0,0.0,0.0,0.0,0.0,0.0,0.0,0.0,0.0,7600000,0,1265320000,757393000,11790000,13528000,43852000,0,2465048000,1265320000,154116000,11790000,53668000,0,3061436000,2465048000,162101000,154116000,96984000,0,2995049000,3061436000,130804000,162101000,0,0,0,0,0,0
7805547670,"ООО ""СОЮЗКОМПЛЕКТ""",36,617,True,False,False,False,False,False,302657519,0.0,0.0,0.0,0.0,0.0,0.0,0.0,0.0,0.0,5851000,0,1237509000,830415000,119604000,80853000,1661000,0,982792000,1237509000,140123000,119604000,12358000,0,1419271000,982792000,235450000,140123000,69087000,0,1050081000,1419271000,134058000,235450000,0,0,0,0,0,0
1658029804,"ООО ""ГИЛИУС""",142,192,True,False,False,False,False,False,9309018,0.0,0.0,0.0,0.0,0.0,0.0,0.0,0.0,0.0,30244000,0,641910000,508767000,379000,22041000,25177000,0,711518000,641910000,11720000,379000,32071000,0,724745000,711518000,19601000,8315000,30767000,0,792822000,724745000,13183000,19601000,0,0,0,0,0,0
3123368368,"ООО ТД ""РК БЕЛОГОРЬЕ""",18,554,True,False,False,False,False,False,54741387,0.0,0.0,0.0,0.0,0.0,0.0,0.0,0.0,0.0,2266000,0,654301000,498881000,20768000,11481000,3035000,0,698100000,654301000,37254000,20768000,10585000,0,687690000,698100000,14088000,37254000,8425000,0,780963000,687690000,10630000,14088000,0,0,0,0,0,0
2801216975,"ООО ""ТОРГСЕРВИС 28""",6,667,True,False,False,False,False,False,91144,0.0,0.0,0.0,0.0,0.0,0.0,0.0,1402016.98,1402016.98,41832000,0,6020165000,3799253000,126939000,107847000,42401000,0,7420040000,6020165000,200194000,126939000,34149000,0,9061714000,7420040000,368362000,200194000,28816000,0,10450311000,9061714000,389614000,368362000,0,0,0,0,0,0
7813620910,"ООО ""ЛАГРАНЖ-СПБ""",153,644,True,False,False,False,False,False,0,0.0,0.0,0.0,0.0,0.0,0.0,25739853.89,0.0,0.0,5518000,0,948679000,491592000,17484000,4718000,25919000,0,1686571000,948679000,97472000,17484000,448603000,0,1103669000,1686571000,71365000,97472000,337248000,0,1955816000,1103669000,113332000,71365000,0,0,0,0,0,0
4345378143,"ООО ""ПРОГРЕСС""",67,659,True,False,False,False,False,False,0,0.0,0.0,0.0,0.0,0.0,0.0,0.0,0.0,0.0,0,0,3410219000,2120880000,98446000,62888000,50464000,0,1936153000,3410219000,63749000,98446000,75045000,0,1354850000,1936153000,23178000,63749000,51712000,0,1621915000,1354850000,22706000,23178000,0,0,0,0,0,0
5003128872,"ООО ""ПРАВВКУС""",98,508,True,False,False,False,False,False,0,0.0,0.0,0.0,0.0,0.0,0.0,0.0,0.0,0.0,923000,0,587827000,340124000,32367000,20741000,1041000,0,728085000,587827000,23223000,32367000,1455000,0,790906000,728085000,47183000,23223000,11024000,0,694006000,790906000,41053000,47183000,0,0,0,0,0,0
7814085990,"ООО ""ДИЗАЙН-КАРГО""",85,515,False,False,False,False,True,False,960000,0.0,0.0,0.0,0.0,0.0,0.0,0.0,0.0,0.0,6721000,0,374942000,384969000,29475000,30555000,4564000,0,310522000,374942000,31655000,29475000,3649000,0,311056000,310522000,15045000,31655000,2981000,0,443131000,311056000,27634000,15045000,0,0,0,0,0,0
7714895568,"ООО ""СЕВЕРНАЯ СТОЛИЦА""",35,532,True,False,False,False,False,False,100000,0.0,0.0,0.0,0.0,0.0,0.0,1351888.65,0.0,0.0,74000,0,754435000,4530041000,3045000,2679000,30000,0,277632000,754435000,36692000,3045000,7111000,0,143647000,277632000,3927000,36692000,0,0,32908000,143647000,0,0,0,0,0,0,0,0
7448142593,"ООО ""ТРК""",199,625,True,False,False,False,False,False,127920,0.0,0.0,0.0,0.0,0.0,0.0,0.0,0.0,0.0,0,0,142216000,128787000,0,0,0,0,116854000,142216000,0,0,0,0,113851000,116854000,0,0,0,0,141017000,113851000,0,0,0,0,0,0,0,0
2305028484,"ООО ""СБСВ-КЛЮЧАВТО ВОЛОКОЛАМКА""",73,447,False,True,False,False,False,False,1516612,0.0,0.0,0.0,0.0,0.0,0.0,0.0,10000.0,0.0,47458000,0,5578346000,4466721000,256367000,6598000,89497000,0,1381824000,5578346000,-22670000,256367000,82060000,0,6604000,1381824000,-1433000,-22670000,0,0,0,0,0,0,0,0,0,0,0,0
1001333893,"ООО ""ЭЛЕКТРОСНАБ""",8,619,False,True,False,False,False,False,5072473,0.0,0.0,0.0,0.0,0.0,0.0,0.0,0.0,0.0,213000,0,331456000,296268000,14834000,21840000,59000,0,388773000,331456000,8073000,14834000,0,0,153918000,388773000,0,0,0,0,0,0,0,0,0,0,0,0,0,0
7453291287,"ООО ""РЕВЕНТОН""",199,730,True,False,False,False,False,False,0,0.0,0.0,0.0,0.0,0.0,0.0,0.0,0.0,0.0,0,0,183038000,174909000,0,0,0,0,199556000,183038000,0,0,0,0,194695000,199556000,0,0,0,0,183366000,194695000,0,0,0,0,0,0,0,0
7727582668,"ООО ""АБ-МАРКЕТ""",53,56,False,True,False,False,False,False,0,0.0,0.0,0.0,0.0,0.0,0.0,0.0,0.0,0.0,119744000,0,2947296000,2420072000,198390000,82326000,166532000,0,3313515000,2947296000,443677000,198390000,177780000,0,3954908000,3313515000,201672000,443677000,0,0,0,0,0,0,0,0,0,0,0,0
7714359983,"ООО ""ИНТЕРЛИНК""",35,596,True,False,False,False,False,False,27138946,0.0,0.0,0.0,0.0,0.0,0.0,0.0,0.0,0.0,0,0,267189000,239570000,0,0,0,0,241432000,267189000,0,0,0,0,132037000,241432000,0,0,0,0,82829000,132037000,0,0,0,0,0,0,0,0
7706597141,"ООО ""ГОРНАЯ ТЕХНИКА""",96,615,True,False,False,False,False,False,0,0.0,0.0,0.0,0.0,0.0,0.0,0.0,0.0,0.0,9671000,0,875558000,1246750000,-17151000,9130000,116426000,0,1300736000,875558000,-3462000,-17151000,86810000,0,763444000,1300736000,8567000,-3462000,54427000,0,980585000,763444000,3462000,8567000,0,0,0,0,0,0
6163150853,"ООО ПК ""РСК""",145,638,True,False,False,False,False,False,0,0.0,0.0,0.0,0.0,0.0,0.0,0.0,0.0,0.0,89178000,0,636894000,443255000,134763000,202492000,72442000,0,119213000,636894000,-64568000,134763000,49330000,0,96079000,119213000,13730000,-64568000,62940000,0,35721000,96079000,-18088000,13730000,0,0,0,0,0,0
7106058927,"ООО ""ВИТАМЕД""",186,575,True,False,False,False,False,False,858359131,0.0,0.0,0.0,0.0,0.0,0.0,0.0,0.0,0.0,125000,0,60852000,171363000,1622000,11757000,2069000,0,90412000,60852000,11897000,1622000,1752000,0,143133000,90412000,23321000,11897000,1783000,0,202530000,143133000,35786000,23321000,0,0,0,0,0,0
7713425464,"ООО ""ПРЕСТИЖ""",35,488,True,False,False,False,False,False,0,0.0,0.0,0.0,0.0,0.0,0.0,0.0,0.0,0.0,0,0,122535000,142236000,0,0,0,0,117459000,122535000,0,0,0,0,153914000,117459000,0,0,0,0,128409000,153914000,0,0,0,0,0,0,0,0
7728761758,"АО ""СИС""",96,661,True,False,False,False,False,False,1393672850,0.0,0.0,0.0,0.0,0.0,0.0,0.0,0.0,0.0,29197000,0,297229000,345393000,7945000,55803000,29076000,0,133436000,297229000,15047000,7945000,29071000,0,234517000,133436000,18721000,15047000,28566000,0,169002000,234517000,14465000,18721000,0,0,0,0,0,0
7203066641,"ООО ""СИБКОМПЛЕКТСЕРВИС""",189,641,True,False,False,False,False,False,114318,0.0,0.0,0.0,0.0,0.0,0.0,0.0,0.0,0.0,7903000,0,328641000,278434000,14711000,16671000,9429000,0,384053000,328641000,16338000,14711000,8695000,0,417610000,384053000,21585000,16338000,12744000,0,404688000,417610000,21637000,21585000,0,0,0,0,0,0
9709053859,"ООО ГК ""ВИВАМИЛК""",35,760,True,False,False,False,False,False,0,0.0,0.0,0.0,0.0,0.0,0.0,0.0,500.0,500.0,0,0,165798000,140120000,0,0,0,0,138035000,165798000,0,0,0,0,148438000,138035000,0,0,0,0,165032000,148438000,0,0,0,0,0,0,0,0
2361014044,"ООО ""ПРИАЗОВЬЕ""",73,663,True,False,False,False,False,False,0,0.0,0.0,0.0,0.0,0.0,0.0,0.0,0.0,0.0,0,0,160692000,182239000,0,0,0,0,191387000,160692000,0,0,0,0,206919000,191387000,0,0,0,0,235604000,206919000,0,0,0,0,0,0,0,0
6830003136,"ООО ""ГРАНИТ-М""",175,378,True,False,False,False,False,False,8674264,0.0,0.0,0.0,0.0,0.0,0.0,0.0,0.0,0.0,99012000,0,450371000,426396000,22284000,23466000,133022000,0,383303000,450371000,14001000,22284000,123567000,0,595704000,383303000,15186000,14001000,127071000,0,455754000,595704000,22320000,15186000,0,0,0,0,0,0
7105521035,"ООО ""МЕТАЛЛИКА""",186,260,True,False,False,False,False,False,291463,0.0,0.0,0.0,0.0,0.0,0.0,93407974.19,27889923.14,27889923.14,4139000,0,318586000,211251000,1080000,-120000,2527000,0,739991000,318586000,4762000,1080000,1304000,0,793316000,739991000,1372000,4762000,1304000,0,48175000,793316000,-46937000,1372000,0,0,0,0,0,0
7802456337,"ООО ""СЕВЕРНЫЙ РЕНЕССАНС""",152,638,True,False,False,False,False,False,16374932,0.0,0.0,0.0,0.0,0.0,0.0,0.0,0.0,0.0,0,0,771967000,364112000,0,0,0,0,724369000,771967000,0,0,0,0,436300000,724369000,0,0,0,0,472976000,436300000,0,0,0,0,0,0,0,0
2311065300,"ООО ""МОНАРХ К""",73,646,True,False,False,False,False,False,840440,0.0,0.0,0.0,0.0,0.0,0.0,0.0,0.0,0.0,162642000,0,1337052000,1163186000,104872000,75499000,168075000,0,1394398000,1337052000,147134000,104872000,164795000,0,1480538000,1394398000,101655000,147134000,169160000,0,1565866000,1480538000,117774000,101655000,0,0,0,0,0,0
4345000312,"АО ""КИРОВХЛАДОКОМБИНАТ""",67,40,True,False,False,False,False,False,12956719,0.0,0.0,0.0,0.0,0.0,0.0,0.0,0.0,0.0,32937000,0,709425000,652837000,108718000,96718000,30646000,0,892654000,709425000,156704000,108718000,34094000,0,970124000,892654000,167911000,156704000,53750000,0,1178881000,970124000,204272000,167911000,0,0,0,0,0,0
6165142375,"ООО ""ФИЛД""",145,638,True,False,False,False,False,False,0,0.0,0.0,0.0,0.0,0.0,0.0,0.0,0.0,0.0,5239000,0,976255000,711221000,28317000,51298000,3907000,0,689603000,976255000,67196000,28317000,521000,0,47370000,689603000,-5598000,67196000,500000,0,2691000,47370000,-267000,-5598000,0,0,0,0,0,0
6670248946,"ООО  ""ТСК ИНТЕРСИ""",164,632,True,False,False,False,False,False,66264982,0.0,0.0,0.0,0.0,0.0,0.0,0.0,0.0,0.0,99000,0,167963000,195781000,10248000,15868000,20000,0,419719000,167963000,19743000,10248000,8000,0,380220000,419719000,15185000,19743000,308000,0,118659000,380220000,774000,15185000,0,0,0,0,0,0
7536169026,"ООО ""АЗС-КОСМОНАВТОВ""",42,690,True,False,False,False,False,False,0,0.0,0.0,0.0,0.0,0.0,0.0,0.0,0.0,0.0,0,0,178206000,148057000,0,0,0,0,213903000,178206000,0,0,0,0,250801000,213903000,0,0,0,0,230525000,250801000,0,0,0,0,0,0,0,0
6316178947,"ООО ""АРГОТРАНС""",151,610,True,False,False,False,False,False,605207,0.0,0.0,0.0,0.0,0.0,0.0,0.0,0.0,0.0,3256000,0,292178000,124540000,18977000,8964000,319000,0,313387000,292178000,28485000,18977000,549000,0,293084000,313387000,26432000,28485000,501000,0,265552000,293084000,11702000,26432000,0,0,0,0,0,0
7743565250,"ООО ""БЕРМОТОРС""",96,459,True,False,False,False,False,False,0,0.0,0.0,0.0,0.0,0.0,0.0,0.0,0.0,0.0,185000,0,23548000,142731000,2690000,76396000,1752000,0,33452000,23548000,8405000,2690000,1604000,0,38169000,33452000,14346000,8405000,3172000,0,112479000,38169000,43044000,14346000,0,0,0,0,0,0
7327045490,"ООО ""УЗТИ""",192,235,True,False,False,False,False,False,137745545,0.0,0.0,0.0,0.0,0.0,0.0,0.0,0.0,0.0,0,0,356173000,315941000,0,0,0,0,498023000,356173000,0,0,0,0,492976000,498023000,0,0,0,0,397830000,492976000,0,0,0,0,0,0,0,0
3245004382,"ООО ""СПЕЦСТРОЙФУНДАМЕНТ""",21,638,True,False,False,False,False,False,13923755,0.0,0.0,0.0,0.0,0.0,0.0,0.0,0.0,0.0,588000,0,154167000,131443000,13790000,9058000,6133000,0,168159000,154167000,11897000,13790000,2434000,0,179627000,168159000,8541000,11897000,12044000,0,203513000,179627000,7147000,8540000,0,0,0,0,0,0
7722183042,"АО ""ИНТЕРБУМАГА-С""",35,506,True,False,False,False,False,False,785548,0.0,0.0,0.0,0.0,0.0,0.0,0.0,0.0,0.0,8869000,0,320402000,255165000,6197000,9816000,0,0,313228000,320402000,0,0,0,0,347601000,313228000,0,0,0,0,321891000,347601000,0,0,0,0,0,0,0,0
5029120275,"ООО ""ССТЭНЕРГОМОНТАЖ""",99,341,True,False,False,False,False,False,684639295,0.0,0.0,0.0,0.0,0.0,0.0,59317838.83,0.0,0.0,912167000,0,2279471000,2170556000,124904000,235955000,774370000,0,1681429000,2279471000,159725000,124904000,685655000,0,1734586000,1681429000,160019000,162649000,648323000,0,2121638000,1734586000,219560000,160019000,0,0,0,0,0,0
6321413868,"ООО ""АККУМАЛЮКС РУС""",151,195,True,False,False,False,False,False,0,0.0,0.0,0.0,0.0,0.0,0.0,0.0,0.0,0.0,254782000,0,651918000,473112000,69670000,87109000,254516000,0,721195000,651918000,143654000,69670000,306785000,0,1031461000,721195000,261407000,143654000,301967000,0,1163392000,1031461000,248063000,261407000,0,0,0,0,0,0
5024154111,"ООО ""МЭЙДЖОРТРЕЙДЭКСПЕРТ""",99,444,False,True,False,False,False,False,0,0.0,0.0,0.0,0.0,0.0,0.0,0.0,0.0,0.0,0,0,199836000,121584000,0,0,0,0,214575000,199836000,0,0,0,0,218622000,214575000,0,0,0,0,142262000,218622000,0,0,0,0,0,0,0,0
5406564631,"ООО ""РУСБЕЙКЕР""",111,518,False,False,False,False,True,False,0,0.0,0.0,0.0,0.0,0.0,0.0,0.0,0.0,0.0,90389000,0,156496000,130388000,-3608000,811000,88308000,0,164262000,156496000,-269000,-3608000,87058000,0,151412000,164262000,2319000,-269000,87058000,0,175733000,151412000,1091000,2319000,0,0,0,0,0,0
7722646117,"ООО ""ИНДУСТРИЯ ЧИСТОТЫ СТОЛИЦА""",96,557,True,False,False,False,False,False,29548822,0.0,0.0,0.0,0.0,0.0,0.0,0.0,0.0,0.0,0,0,449136000,562981000,12487000,31939000,0,0,154215000,449136000,3744000,12487000,0,0,56495000,154215000,-5682000,3744000,0,0,31397000,56495000,-1600000,-5682000,0,0,0,0,0,0
7731594994,"ООО ""ФАУНА""",99,661,True,False,False,False,False,False,0,0.0,0.0,0.0,0.0,0.0,0.0,0.0,0.0,0.0,0,0,179981000,155000000,0,0,0,0,172540000,179981000,0,0,0,0,167577000,172540000,0,0,0,0,169833000,167577000,0,0,0,0,0,0,0,0
5754200219,"ООО ""ОРМЕТ""",121,659,True,False,False,False,False,False,0,0.0,0.0,0.0,0.0,0.0,0.0,0.0,0.0,0.0,4608000,0,3337556000,1368244000,18264000,17819000,3421000,0,1448613000,3337556000,16624000,18264000,2314000,0,2490847000,1448613000,23167000,16624000,1269000,0,1207932000,2490847000,3232000,23167000,0,0,0,0,0,0
6730087100,"ООО ""ФТ КОНТРАКТ""",170,660,True,False,False,False,False,False,0,0.0,0.0,0.0,0.0,0.0,0.0,0.0,0.0,0.0,926000,0,421022000,274790000,6929000,6272000,9755000,0,424240000,421022000,15620000,6929000,7390000,0,431604000,424240000,20539000,15620000,5376000,0,292087000,431604000,9112000,20539000,0,0,0,0,0,0
3706015011,"ООО ""ПРОФМЕТ""",46,659,True,False,False,False,False,False,0,0.0,0.0,0.0,0.0,0.0,0.0,0.0,0.0,0.0,24799000,0,310238000,170687000,2548000,3117000,12686000,0,171276000,310238000,1063000,2548000,22561000,0,267262000,171276000,-2360000,1063000,17284000,0,241695000,267262000,-9593000,-2360000,0,0,0,0,0,0
3906368695,"ООО ""БАЛТИЙСКАЯ ЗВЕЗДА""",52,419,True,False,False,False,False,False,0,0.0,0.0,0.0,0.0,0.0,0.0,1080149.17,0.0,0.0,219088000,0,1491125000,445087000,183611000,4825000,211396000,0,1363001000,1491125000,19680000,183611000,189963000,0,758538000,1363001000,75207000,19680000,170121000,0,948046000,758538000,37062000,75207000,0,0,0,0,0,0
1504032451,"АО ""РОКОС""",141,425,False,False,True,False,False,False,3449149,0.0,0.0,0.0,0.0,0.0,0.0,46879663.64,1000.0,1000.0,146345000,0,260392000,196066000,-55855000,-20052000,174044000,0,174715000,260392000,-36991000,-55855000,138988000,0,121479000,174715000,-60337000,-36991000,137908000,0,67745000,121479000,-28332000,-60337000,0,0,0,0,0,0
3810077617,"ООО ""ФП ШЕЛЕХОВ""",49,743,True,False,False,False,False,False,0,0.0,0.0,0.0,0.0,0.0,0.0,0.0,0.0,0.0,0,0,138289000,148129000,0,0,0,0,118618000,138289000,0,0,0,0,124852000,0,0,0,0,0,121361000,124852000,0,0,0,0,0,0,0,0
2630039610,"ООО ""СБСВ-КЛЮЧАВТО ХЕНДЭ КМВ""",73,447,False,True,False,False,False,False,213625124,0.0,0.0,0.0,0.0,0.0,0.0,0.0,0.0,0.0,68324000,0,1207048000,1067953000,-12433000,29510000,44051000,0,544179000,1207048000,1623000,-12433000,44636000,0,278664000,544179000,-825000,1623000,0,0,0,0,0,0,0,0,0,0,0,0
5027076479,"ООО ""МАЛАХОВСКИЙ МЯСОКОМБИНАТ""",99,11,True,False,False,False,False,False,2000000,0.0,0.0,0.0,0.0,0.0,0.0,0.0,0.0,0.0,5454000,0,1710539000,1700675000,46975000,35106000,6753000,0,1392413000,1710539000,88422000,46975000,256766000,0,1209308000,1392413000,66641000,88422000,288526000,0,1621143000,1209308000,37905000,66641000,0,0,0,0,0,0
7811539082,"ООО ""ЭЛИТА-ПЕТЕРБУРГ""",153,506,True,False,False,False,False,False,65412423,0.0,0.0,0.0,0.0,0.0,0.0,27675784.58,0.0,0.0,11354000,0,559994000,514833000,365000,2701000,11016000,0,884367000,559994000,37044000,365000,11399000,0,900581000,884367000,-3109000,37044000,17614000,0,1798093000,900581000,181931000,-3109000,0,0,0,0,0,0
5003114573,"ООО ""УНИВЕРСАЛ МЕТИЗ""",99,635,True,False,False,False,False,False,37039872,0.0,0.0,0.0,0.0,0.0,0.0,0.0,0.0,0.0,0,0,77577000,268722000,0,0,0,0,68805000,77577000,0,0,0,0,166475000,68805000,0,0,0,0,73356000,166475000,0,0,0,0,0,0,0,0
5003103483,"ООО ""ГОЛД ФЛАУРС""",99,515,True,False,False,False,False,False,0,0.0,0.0,0.0,0.0,0.0,0.0,0.0,0.0,0.0,173000,0,443756000,299269000,12752000,7114000,138000,0,582261000,443756000,18241000,12752000,72000,0,995727000,582261000,17899000,18241000,52000,0,1301318000,995727000,36378000,17899000,0,0,0,0,0,0
2543076060,"ООО ""СВЕТЛАНА""",126,663,True,False,False,False,False,False,0,0.0,0.0,0.0,0.0,0.0,0.0,0.0,0.0,0.0,0,0,772828000,727960000,0,0,10293000,0,907301000,772828000,30105000,17253000,2424000,0,722492000,907301000,19753000,30105000,0,0,2600000,722492000,0,0,0,0,0,0,0,0
5321168950,"ООО ""КФ АПТЕКА""",108,731,False,True,False,False,False,False,0,0.0,0.0,0.0,0.0,0.0,0.0,0.0,0.0,0.0,2814000,0,378541000,337331000,6999000,3054000,3079000,0,364806000,378541000,3182000,6999000,1524000,0,131139000,364806000,1045000,3182000,0,0,0,0,0,0,0,0,0,0,0,0
7814048075,"ООО ТФ ""АЛГА""",36,522,True,False,False,False,False,False,0,0.0,0.0,0.0,0.0,0.0,0.0,131562301.04,75961198.77,65332766.71,1278000,0,1029253000,1002770000,102540000,115727000,913000,0,1094709000,1029253000,157991000,102540000,2556000,0,1172433000,1094709000,150167000,158028000,1733000,0,347536000,1172433000,31846000,150181000,0,0,0,0,0,0
9729292492,"ООО ТК ""СТОЛИЦА СЫРА""",111,554,True,False,False,False,False,False,0,0.0,0.0,0.0,0.0,0.0,0.0,0.0,0.0,0.0,0,0,101568000,367499000,0,0,0,0,242962000,101568000,0,0,0,0,524471000,242962000,0,0,0,0,408585000,524471000,0,0,0,0,0,0,0,0
3810327546,"АО ""СИБИПОТЕКА""",49,731,True,False,False,False,False,False,54000,0.0,0.0,0.0,0.0,0.0,0.0,0.0,0.0,0.0,14548000,0,401033000,417566000,3529000,8535000,45824000,0,435380000,401033000,15179000,3529000,11987000,0,437381000,435380000,9455000,15179000,11558000,0,465562000,437381000,17892000,9455000,0,0,0,0,0,0
7460043278,"ООО ""ПУНТАЛ""",199,642,True,False,False,False,False,False,0,0.0,0.0,0.0,0.0,0.0,0.0,0.0,0.0,0.0,1154000,0,84509000,318349000,5708000,29863000,0,0,117681000,84509000,0,0,0,0,34617000,117681000,0,0,0,0,28625000,34617000,0,0,0,0,0,0,0,0
5902850365,"ООО ""АРСЕ""",125,731,True,False,False,False,False,False,0,0.0,0.0,0.0,0.0,0.0,0.0,0.0,0.0,0.0,7904000,0,1349399000,859363000,-70490000,-11940000,419935000,0,1861379000,1349399000,9612000,-70490000,471128000,0,2053839000,1861379000,16237000,9612000,440557000,0,2344484000,2053839000,57656000,16237000,0,0,0,0,0,0
7728386176,"ООО ""ЦАРСКИЙ ВКУС""",96,48,True,False,False,False,False,False,0,0.0,0.0,0.0,0.0,0.0,0.0,3321847.7,0.0,0.0,0,0,236344000,189922000,0,0,0,0,252884000,236344000,0,0,0,0,247685000,252884000,0,0,0,0,335714000,247685000,0,0,0,0,0,0,0,0
6671072396,"ООО ПК ""КИТМАРКЕТ-ЕКАТЕРИНБУРГ""",164,644,True,False,False,False,False,False,0,0.0,0.0,0.0,0.0,0.0,0.0,0.0,0.0,0.0,139000,0,299079000,155599000,3001000,1127000,8953000,0,439055000,299079000,14037000,3001000,18855000,0,491046000,439055000,18932000,14037000,31537000,0,425815000,491046000,17791000,18932000,0,0,0,0,0,0
3808137428,"ООО ""ИЗТМ-ВЭД""",49,661,True,False,False,False,False,False,0,0.0,0.0,0.0,0.0,0.0,0.0,0.0,0.0,0.0,0,0,266377000,170261000,6290000,5161000,0,0,218954000,266377000,17650000,6290000,0,0,438512000,218954000,7282000,17650000,0,0,565173000,438512000,10624000,7282000,0,0,0,0,0,0
1001333854,"ООО ""КМ-ЦЕНТР""",135,447,False,True,False,False,False,False,11647426,0.0,0.0,0.0,0.0,0.0,0.0,0.0,0.0,0.0,11329000,0,652401000,620946000,27368000,16759000,7331000,0,233704000,652401000,7930000,27368000,6549000,0,159456000,233704000,9957000,7930000,0,0,0,0,0,0,0,0,0,0,0,0
5032207173,"ООО  ""ШТАРКОМ""",98,222,True,False,False,False,False,False,64414416,0.0,0.0,0.0,0.0,0.0,0.0,17040674.55,0.0,0.0,305525000,0,1672254000,1067236000,47691000,10063000,399979000,0,2120319000,1672254000,15494000,47691000,313122000,0,1669202000,2120319000,25213000,15494000,275936000,0,1781914000,1669202000,38040000,25213000,0,0,0,0,0,0
3905067984,"ООО ""ГИАНТ-КЕРАМИКА""",53,700,True,False,False,False,False,False,0,0.0,0.0,0.0,0.0,0.0,0.0,0.0,0.0,0.0,0,0,67400000,124230000,0,0,0,0,54817000,67400000,0,0,0,0,52441000,54817000,0,0,0,0,63152000,52441000,0,0,0,0,0,0,0,0
5214009264,"ООО ""МУКОМОЛЬНЫЙ КОМБИНАТ ""ВОЛОДАРСКИЙ""",106,43,False,False,True,False,False,False,69770039,0.0,0.0,0.0,0.0,0.0,0.0,0.0,0.0,0.0,338425000,0,1538898000,1368174000,87130000,41498000,318319000,0,1804803000,1538898000,177085000,87130000,302918000,0,1516793000,1804803000,238142000,177085000,365791000,0,1579693000,1516793000,159421000,238142000,0,0,0,0,0,0
7729769171,"ООО ""МОДУЛЬПРОМИНЖИНИРИНГ""",35,614,True,False,False,False,False,False,1527342,0.0,0.0,0.0,0.0,0.0,0.0,0.0,0.0,0.0,1001000,0,791205000,665630000,71047000,81288000,1661000,0,412579000,791205000,44713000,71047000,1432000,0,413409000,412579000,51792000,44713000,1612000,0,1025776000,413409000,162941000,51792000,0,0,0,0,0,0
5752070050,"ООО ""ТРИТИКУМ-ГАРАНТ""",121,508,True,False,False,False,False,False,0,0.0,0.0,0.0,0.0,0.0,0.0,0.0,0.0,0.0,18738000,0,269321000,329848000,2810000,6906000,11583000,0,160112000,269321000,478000,2810000,6448000,0,92391000,160112000,-457000,478000,1628000,0,0,92391000,-5660000,-457000,0,0,0,0,0,0
7802080204,"ООО""ВЭИ""",36,459,False,False,False,False,True,False,0,0.0,0.0,0.0,0.0,0.0,0.0,0.0,0.0,0.0,0,0,625333000,529551000,0,0,0,0,80529000,625333000,0,0,0,0,36755000,80529000,0,0,0,0,114406000,36755000,0,0,0,0,0,0,0,0
1660109253,"ООО ""АМКОДОР-БЕЛ""",142,614,True,False,False,False,False,False,1189879401,0.0,0.0,0.0,0.0,0.0,0.0,0.0,0.0,0.0,31870000,0,344392000,181872000,18541000,5542000,33684000,0,223897000,344392000,12972000,18541000,33593000,0,189226000,223897000,8882000,12972000,41950000,0,297567000,189226000,11461000,8882000,0,0,0,0,0,0
7727108169,"ООО ""СЕПТОРГ""",35,543,True,False,False,False,False,False,0,0.0,0.0,0.0,0.0,0.0,0.0,0.0,0.0,0.0,0,0,733774000,646762000,16776000,34945000,0,0,1608414000,733774000,96581000,16776000,0,0,1193452000,1608414000,46132000,96581000,0,0,876726000,1193452000,38215000,46132000,0,0,0,0,0,0
7727329016,"ООО ""БАРКАД""",96,661,False,False,True,False,False,False,0,0.0,0.0,0.0,0.0,0.0,0.0,0.0,15806.0,5806.0,0,0,1043261000,906559000,8260000,7390000,4030000,0,1224113000,1043261000,15379000,8260000,2304000,0,823855000,1224113000,6061000,15379000,3945000,0,0,823855000,-11706000,6061000,0,0,0,0,0,0
5904088640,"ООО ""ТД ДЭМИ""",125,593,True,False,False,False,False,False,991020,0.0,0.0,0.0,0.0,0.0,0.0,0.0,0.0,0.0,48525000,0,159913000,143439000,-7087000,1494000,28377000,0,152751000,159913000,-26395000,-7087000,0,0,119721000,152751000,0,0,0,0,17547000,119721000,0,0,0,0,0,0,0,0
7453290251,"ООО  ""КЕРАМИКС""",199,570,False,False,False,False,False,True,0,0.0,0.0,0.0,0.0,0.0,0.0,0.0,0.0,0.0,0,0,324807000,248733000,0,0,0,0,486944000,324807000,0,0,0,0,519883000,486925000,0,0,0,0,283325000,519883000,0,0,0,0,0,0,0,0
7136007711,"ООО""ЦЕНТРНАСОССЕРВИС""",186,273,True,False,False,False,False,False,60340049,0.0,0.0,0.0,0.0,0.0,0.0,0.0,0.0,0.0,20075000,0,320031000,243578000,66921000,58166000,167138000,0,519607000,320031000,234598000,66921000,258057000,0,858033000,519607000,362900000,234598000,360317000,0,1108495000,858033000,544909000,362900000,0,0,0,0,0,0
7722342790,"ООО ""НВК""",96,627,True,False,False,False,False,False,0,0.0,0.0,0.0,0.0,0.0,0.0,0.0,0.0,0.0,0,0,136357000,136027000,0,0,0,0,152769000,136357000,0,0,0,0,132438000,152769000,0,0,0,0,10351000,132438000,0,0,0,0,0,0,0,0
3702183689,"ООО ""ИВЭНЕРДЖИ""",45,661,True,False,False,False,False,False,50000,0.0,0.0,0.0,0.0,0.0,0.0,0.0,0.0,0.0,0,0,139337000,153743000,2966000,2841000,0,0,142397000,139337000,5256000,2966000,0,0,136485000,142397000,4007000,5256000,0,0,148402000,136485000,2814000,4007000,0,0,0,0,0,0
5836670705,"ООО ""АВТО ОЙЛ""",106,625,True,False,False,False,False,False,0,0.0,0.0,0.0,0.0,0.0,0.0,0.0,50000.0,0.0,91114000,0,692426000,829748000,-41058000,-32401000,58665000,0,712255000,692426000,-49295000,-41058000,40239000,0,369678000,712255000,-25456000,-49295000,92395000,0,512380000,369678000,8942000,-25456000,0,0,0,0,0,0
7751022579,"ООО ""БЕТОН-ПОТОК""",35,222,True,False,False,False,False,False,0,0.0,0.0,0.0,0.0,0.0,0.0,544.81,0.0,0.0,0,0,327609000,185984000,0,0,0,0,639454000,327609000,0,0,0,0,539693000,639454000,0,0,0,0,703951000,539693000,0,0,0,0,0,0,0,0
7703819893,"ООО ""ГЕЛИКОН ИНЖИНИРИНГ""",96,661,False,False,True,False,False,False,18381482,0.0,0.0,0.0,0.0,0.0,0.0,338370.85,0.0,0.0,2649000,0,1367378000,721306000,107683000,40619000,18254000,0,218115000,1367378000,-11874000,107683000,27972000,0,3720000,218115000,-5398000,-11874000,10000,0,0,3720000,-1927000,-5398000,0,0,0,0,0,0
7726674348,"ООО ""РТМ""",35,638,False,False,True,False,False,False,0,0.0,0.0,0.0,0.0,0.0,0.0,0.0,0.0,0.0,3032000,0,267663000,177295000,5059000,-13798000,5651000,0,559850000,267663000,19168000,5059000,1274000,0,618555000,559850000,20227000,19168000,672000,0,13281000,618555000,5346000,20227000,0,0,0,0,0,0
7716050936,"ООО ""ИНИЦИАТИВА""",148,335,True,False,False,False,False,False,22434118,0.0,0.0,0.0,0.0,0.0,0.0,0.0,0.0,0.0,0,0,217431000,149634000,0,0,0,0,174115000,217431000,0,0,0,0,533122000,174115000,0,0,0,0,955226000,533122000,0,0,0,0,0,0,0,0
5050078386,"ООО ""АРТ СТАЙЛ""",99,584,True,False,False,False,False,False,0,0.0,0.0,0.0,0.0,0.0,0.0,0.0,0.0,0.0,0,0,173076000,211467000,0,0,0,0,156194000,173076000,0,0,0,0,161425000,156194000,0,0,0,0,329900000,161425000,0,0,0,0,0,0,0,0
5752039807,"ООО ""АГРО ЦЕНТР - ЛЮКС""",121,459,True,False,False,False,False,False,16057752,0.0,0.0,0.0,0.0,0.0,0.0,0.0,0.0,0.0,0,0,187068000,174570000,0,0,0,0,218381000,187068000,0,0,0,0,211038000,218381000,0,0,0,0,215081000,211038000,0,0,0,0,0,0,0,0
2127006825,"ООО ""ИМЗ ""ЕВРОСТАР""",35,274,True,False,False,False,False,False,1146920,0.0,0.0,0.0,0.0,0.0,0.0,0.0,0.0,0.0,33909000,0,478069000,342148000,2364000,1507000,0,0,0,0,0,0,0,0,0,0,0,0,39886000,0,901127000,650570000,59017000,16820000,0,0,0,0,0,0
6229064887,"АО ""ИНТЕРКРОСС""",148,303,True,False,False,False,False,False,339849600,0.0,0.0,0.0,0.0,0.0,0.0,18222304.34,1743.97,0.0,187375000,0,1253078000,1229020000,99313000,180573000,95829000,0,463097000,1253078000,83807000,99313000,48547000,0,252204000,463097000,-82604000,83807000,40262000,0,276198000,252204000,-106542000,-82604000,0,0,0,0,0,0
7451425915,"ООО ""МЕТАКРОН""",199,258,True,False,False,False,False,False,0,0.0,0.0,0.0,0.0,0.0,0.0,0.0,0.0,0.0,18439000,0,76330000,121892000,14368000,7910000,23395000,0,27352000,76330000,3679000,14368000,23363000,0,13188000,27352000,62000,3679000,0,0,16414000,13188000,0,0,0,0,0,0,0,0
6318152197,"АО ""РКС""",150,660,True,False,False,False,False,False,3270412,0.0,0.0,0.0,0.0,0.0,0.0,0.0,0.0,0.0,2861000,0,590105000,380821000,40658000,27035000,6548000,0,736732000,590105000,95628000,41120000,3106000,0,622112000,736732000,34835000,95623000,2512000,0,782020000,622119000,52613000,44369000,0,0,0,0,0,0
7730202820,"ООО ""ПРИОРИТЕТ""",35,625,True,False,False,False,False,False,0,0.0,0.0,0.0,0.0,0.0,0.0,0.0,0.0,0.0,4906000,0,467143000,447463000,947000,1532000,6871000,0,434684000,467143000,1301000,947000,21818000,0,480270000,434684000,2060000,1301000,45052000,0,569082000,480270000,1518000,2060000,0,0,0,0,0,0
2901189235,"ООО ""АРХИМЕД""",9,557,True,False,False,False,False,False,1931996730,0.0,0.0,0.0,0.0,0.0,0.0,0.0,0.0,0.0,0,0,684021000,490531000,0,0,0,0,212854000,684021000,0,0,0,0,161280000,212854000,0,0,0,0,256687000,161280000,0,0,0,0,0,0,0,0
6686096520,"ООО ""АДВАНТА-М ЕКАТЕРИНБУРГ""",164,617,True,False,False,False,False,False,129015,0.0,0.0,0.0,0.0,0.0,0.0,0.0,0.0,0.0,0,0,198639000,166253000,0,0,0,0,261882000,198639000,0,0,0,0,319337000,261882000,0,0,0,0,414833000,319337000,0,0,0,0,0,0,0,0
7713321088,"ООО ""ДЕСЯТОЕ КОРОЛЕВСТВО""",99,434,True,False,False,False,False,False,0,0.0,0.0,0.0,0.0,0.0,0.0,0.0,0.0,0.0,245509000,0,1137316000,821418000,355825000,191821000,787960000,0,1243976000,1137316000,271557000,355825000,748867000,0,1342701000,1243976000,325243000,271557000,758335000,0,1444056000,1342701000,313878000,325243000,0,0,0,0,0,0
7817333144,"ООО ""ПЛК""",36,651,True,False,False,False,False,False,0,0.0,0.0,0.0,0.0,0.0,0.0,0.0,0.0,0.0,0,0,319671000,285067000,0,0,0,0,452165000,319671000,0,0,0,0,532573000,452165000,0,0,0,0,460273000,532573000,0,0,0,0,0,0,0,0
7813440138,"ООО ""АВТОЛАНД""",36,452,True,False,False,False,False,False,1506000,0.0,0.0,0.0,0.0,0.0,0.0,0.0,0.0,0.0,0,0,257496000,203853000,0,0,0,0,294548000,257496000,0,0,0,0,459411000,294613000,0,0,0,0,740602000,459411000,0,0,0,0,0,0,0,0
8602013410,"ООО ""ЮГРА ОЙЛ""",194,625,True,False,False,False,False,False,4883462,0.0,0.0,0.0,0.0,0.0,0.0,0.0,0.0,0.0,4369000,0,517237000,547007000,56008000,52901000,6804000,0,446126000,517237000,107930000,56008000,6855000,0,392262000,446126000,75941000,107930000,69862000,0,326289000,392262000,47476000,75941000,0,0,0,0,0,0
6168084812,"ООО ""ДМ РОСТ""",143,575,True,False,False,False,False,False,2777256,0.0,0.0,0.0,0.0,0.0,0.0,0.0,0.0,0.0,2467000,0,1360988000,1469681000,107488000,188067000,7377000,0,1563260000,1360988000,99632000,107488000,7933000,0,1501812000,1563260000,4368000,99632000,10742000,0,1287936000,1501812000,-30644000,4368000,0,0,0,0,0,0
7802629950,"ООО ""УНИВЕРСАЛСНАБ""",36,661,True,False,False,False,False,False,0,0.0,0.0,0.0,0.0,0.0,0.0,0.0,0.0,0.0,0,0,433678000,497712000,0,0,0,0,608007000,433678000,0,0,0,0,518499000,608007000,0,0,0,0,515893000,518499000,0,0,0,0,0,0,0,0
6732066748,"ООО ""ПОЛИКОМ""",171,584,True,False,False,False,False,False,0,0.0,0.0,0.0,0.0,0.0,0.0,9.77,0.0,0.0,3000,0,272477000,188349000,17518000,12209000,3000,0,260551000,272477000,23212000,17518000,4000,0,339703000,260551000,42740000,23212000,0,0,361684000,339703000,40608000,42740000,0,0,0,0,0,0
9111016041,"ООО ""ЭРА-ЮГ""",137,412,True,False,False,False,False,False,0,0.0,0.0,0.0,0.0,0.0,0.0,0.0,0.0,0.0,10943000,0,287855000,163118000,5079000,57067000,73485000,0,617290000,287855000,44967000,5086000,61254000,0,772319000,617290000,46584000,44967000,57880000,0,439814000,772319000,27148000,46584000,0,0,0,0,0,0
7713470298,"ООО ""АНТУРАЖ ЛТД""",95,558,True,False,False,False,False,False,40546,0.0,0.0,0.0,0.0,0.0,0.0,0.0,0.0,0.0,0,0,558055000,145090000,0,0,0,0,942654000,558055000,0,0,60165000,0,1420606000,942654000,167164000,61978000,66739000,0,1890294000,1420606000,123147000,167164000,0,0,0,0,0,0
6684023043,"ООО ""ТЕХНОСПЕЦСЕРВИС""",162,661,True,False,False,False,False,False,1419775,0.0,0.0,0.0,0.0,0.0,0.0,0.0,0.0,0.0,13790000,0,273013000,209318000,12589000,-34206000,27131000,0,327988000,273013000,-137000,12589000,27946000,0,338739000,327988000,5219000,-137000,26511000,0,243728000,338749000,15925000,5229000,0,0,0,0,0,0
7707431967,"ООО ""КВИНТА""",96,554,True,False,False,False,False,False,0,0.0,0.0,0.0,0.0,0.0,0.0,189139.17,0.0,0.0,0,0,426352000,140512000,4666000,16109000,7762000,0,926508000,426352000,6080000,4666000,30201000,0,856680000,926508000,23343000,6080000,4312000,0,1396600000,856680000,28499000,23343000,0,0,0,0,0,0
1514017090,"ООО ""ВЕРШИНА""",167,508,True,False,False,False,False,False,0,0.0,0.0,0.0,0.0,0.0,0.0,0.0,0.0,0.0,0,0,473614000,315001000,0,0,0,0,210736000,473614000,0,0,0,0,109731000,210736000,0,0,0,0,250047000,109731000,0,0,0,0,0,0,0,0
7805546807,"ООО ""ПРОМКОУТ""",36,653,True,False,False,False,False,False,1767,0.0,0.0,0.0,0.0,0.0,0.0,0.0,0.0,0.0,14978000,0,4235322000,2120254000,467232000,166711000,37054000,0,5253992000,4235322000,763969000,467232000,68211000,0,6816385000,5253992000,746406000,763969000,72676000,0,6512171000,6816385000,290798000,746406000,0,0,0,0,0,0
6312097408,"ООО ""ЛИНИЯ""",151,421,True,False,False,False,False,False,0,0.0,0.0,0.0,0.0,0.0,0.0,0.0,0.0,0.0,41648000,0,505811000,431848000,12122000,11688000,56883000,0,445172000,505811000,17721000,12122000,55033000,0,424310000,445172000,12961000,17721000,65201000,0,390730000,424310000,8579000,12961000,0,0,0,0,0,0
5402174920,"ООО ""СТТ""",112,559,False,False,False,False,True,False,13592497,0.0,0.0,0.0,0.0,0.0,0.0,0.0,0.0,0.0,0,0,150912000,140528000,3606000,2933000,0,0,130107000,150912000,2922000,3606000,0,0,114254000,130107000,2005000,2922000,0,0,84440000,114254000,777000,2005000,0,0,0,0,0,0
7806474778,"ООО ""ЭТИС - СЗПК""",36,260,True,False,False,False,False,False,3576752,0.0,0.0,0.0,0.0,0.0,0.0,4354252.23,0.0,0.0,121704000,0,745104000,358859000,35535000,23717000,142421000,0,664864000,745104000,63522000,35535000,269498000,0,1252170000,664564000,147278000,63222000,343361000,0,900402000,1252170000,98705000,147278000,0,0,0,0,0,0
7724756041,"ООО ""АГАТ-АВТО ЮГ""",35,163,True,False,False,False,False,False,0,0.0,0.0,0.0,0.0,0.0,0.0,0.0,0.0,0.0,62253000,0,381169000,302649000,51695000,28412000,62912000,0,499204000,381169000,69072000,51695000,63498000,0,607589000,499204000,56098000,69072000,62847000,0,663268000,607589000,59141000,56098000,0,0,0,0,0,0
7728344433,"ООО ""ОЛИМП""",35,713,True,False,False,False,False,False,0,0.0,0.0,0.0,0.0,0.0,0.0,0.0,0.0,0.0,0,0,191869000,120677000,0,0,0,0,184624000,191869000,0,0,0,0,200983000,184624000,0,0,0,0,240987000,200983000,0,0,0,0,0,0,0,0
7702014977,"ОАО ""АРЗИ""",35,768,True,False,False,False,False,False,279105500,0.0,0.0,0.0,0.0,0.0,0.0,0.0,0.0,0.0,7637000,0,137830000,125563000,1114000,-2993000,6610000,0,84321000,137830000,12355000,1114000,0,0,73392000,84321000,0,0,0,0,80792000,73392000,0,0,0,0,0,0,0,0
1660211480,"ООО ""ТАТЛАВАЛЬ""",142,603,True,False,False,False,False,False,0,0.0,0.0,0.0,0.0,0.0,0.0,0.0,0.0,0.0,3449000,0,324669000,350988000,45808000,27733000,11550000,0,198017000,324669000,31463000,45808000,10652000,0,207119000,198017000,23009000,31463000,10120000,0,249816000,207119000,23589000,23009000,0,0,0,0,0,0
7449114373,"ООО""ЗЭОТЭК""",199,262,True,False,False,False,False,False,19347439,0.0,0.0,0.0,0.0,0.0,0.0,0.0,0.0,0.0,32914000,0,386972000,294882000,12806000,26937000,32848000,0,390847000,386972000,24620000,12806000,58140000,0,524993000,390847000,17463000,24620000,51406000,0,737257000,524993000,47973000,17463000,0,0,0,0,0,0
5609012280,"ООО ""ГРАНТ""",118,20,True,False,False,False,False,False,259806,0.0,0.0,0.0,0.0,0.0,0.0,0.0,0.0,0.0,145000,0,227985000,148758000,1490000,246000,0,0,224043000,227998000,0,0,0,0,217338000,224043000,0,0,0,0,219783000,217338000,0,0,0,0,0,0,0,0
1316105019,"ОАО""АПО ЭЛЕКОМ""",139,43,True,False,False,False,False,False,75841909,0.0,0.0,0.0,0.0,0.0,0.0,0.0,0.0,0.0,375079000,0,467631000,498490000,35485000,72226000,534213000,0,630179000,467638000,199759000,35492000,602423000,0,996285000,630262000,212144000,195492000,573263000,0,1076952000,996285000,259010000,217532000,0,0,0,0,0,0
7203257029,"ООО ""СИБГАЗИНВЕСТ""",188,475,True,False,False,False,False,False,0,0.0,0.0,0.0,0.0,0.0,0.0,0.0,0.0,0.0,38564000,0,528518000,765941000,-289000,2082000,28181000,0,801384000,528518000,3684000,-289000,16016000,0,613436000,801384000,-2184000,3684000,16484000,0,806195000,613436000,6197000,-2184000,0,0,0,0,0,0
9102000704,"ООО ""ПРОМЫШЛЕННИК-СИМФЕРОПОЛЬ""",137,610,True,False,False,False,False,False,0,0.0,0.0,0.0,0.0,0.0,0.0,0.0,0.0,0.0,0,0,348714000,208629000,0,0,0,0,354428000,348714000,0,0,0,0,336639000,354428000,0,0,0,0,521318000,336639000,0,0,0,0,0,0,0,0
2310095366,"ООО ""КЛЮЧАВТО""",73,447,False,False,False,False,True,False,414375343,0.0,0.0,0.0,0.0,0.0,0.0,0.0,0.0,0.0,450064000,0,3650186000,2803705000,335166000,206215000,278489000,0,1554198000,3650186000,12950000,335166000,525157000,0,2103487000,1554198000,72639000,12950000,688830000,0,637791000,2103487000,21459000,72639000,0,0,0,0,0,0
4029027066,"ООО ПТК ""КАЛУГАРЕМПУТЬМАШ-СЕРВИС""",56,274,True,False,False,False,False,False,256250823,0.0,0.0,0.0,0.0,0.0,0.0,0.0,0.0,0.0,254744000,0,2166687000,1515504000,368590000,236312000,390573000,0,3011620000,2166687000,820281000,368590000,561917000,0,3168909000,3011620000,689763000,820281000,803320000,0,3354141000,3168909000,637800000,689763000,0,0,0,0,0,0
4024007570,"ООО ""ТОРГОВЫЙ ДОМ ""ЛЮДИНОВОКАБЕЛЬ""",56,660,True,False,False,False,False,False,308391063,0.0,0.0,0.0,0.0,0.0,0.0,0.0,0.0,0.0,24665000,0,221068000,160479000,3208000,2169000,24665000,0,189742000,221068000,3102000,3208000,28452000,0,148014000,189742000,-1657000,3102000,30328000,0,257916000,148014000,2510000,-1657000,0,0,0,0,0,0
6453138897,"ООО ""ТЕРМОЛЮКС""",156,157,True,False,False,False,False,False,9920,0.0,0.0,0.0,0.0,0.0,0.0,0.0,109800.0,99800.0,0,0,163590000,172774000,0,0,0,0,195612000,163590000,0,0,24294000,0,218761000,195612000,1489000,1382000,25634000,0,275861000,218816000,-29734000,1544000,0,0,0,0,0,0
5256178151,"ООО ""ГЛОБАЛ-ЗИП""",106,459,True,False,False,False,False,False,0,0.0,0.0,0.0,0.0,0.0,0.0,0.0,0.0,0.0,0,0,118725000,122425000,0,0,0,0,33319000,118725000,0,0,0,0,35195000,33319000,0,0,0,0,61202000,35195000,0,0,0,0,0,0,0,0
7705208089,"ООО ""АРТИЦЕНТР""",35,589,True,False,False,False,False,False,0,0.0,0.0,0.0,0.0,0.0,0.0,0.0,0.0,0.0,341000,0,844856000,491586000,75778000,77734000,161000,0,524511000,844856000,15718000,75778000,18000,0,817432000,524511000,111965000,15718000,399000,0,1335277000,817432000,171233000,111965000,0,0,0,0,0,0
6905065164,"ООО ""СНОЛ-ТЕРМ""",180,619,True,False,False,False,False,False,1102482,0.0,0.0,0.0,0.0,0.0,0.0,0.0,0.0,0.0,1271000,0,149756000,120399000,15560000,14608000,867000,0,144129000,149756000,18431000,15560000,800000,0,189848000,144129000,19143000,18431000,483000,0,92089000,189848000,10841000,19143000,0,0,0,0,0,0
9729159290,"ООО ""МОРИС""",96,260,False,False,False,False,False,True,0,0.0,0.0,0.0,0.0,0.0,0.0,2231973.5,0.0,0.0,2409839000,0,5013592000,3107876000,-372445000,409582000,3205646000,0,6616194000,5043717000,79434000,-342320000,223618000,0,469401000,6616194000,-1329711000,79434000,21219000,0,88000,469401000,13000,-1329711000,0,0,0,0,0,0
6324077237,"ООО ""ЦМК""",151,524,True,False,False,False,False,False,0,0.0,0.0,0.0,0.0,0.0,0.0,0.0,0.0,0.0,3118000,0,691709000,358248000,1200000,710000,20129000,0,680420000,691709000,9167000,1200000,28997000,0,541458000,680420000,896000,9167000,48034000,0,495114000,541458000,2342000,896000,0,0,0,0,0,0
7743234643,"ООО ""БМЦ""",96,622,True,False,False,False,False,False,831015499,0.0,0.0,0.0,0.0,0.0,0.0,0.0,0.0,0.0,241000,0,221146000,122554000,8728000,5309000,151000,0,176572000,221146000,8306000,11170000,0,0,175966000,176572000,0,0,0,0,79335000,175966000,0,0,0,0,0,0,0,0
3906978877,"ООО ""АКАМАЦУ МОТОРС""",52,444,True,False,False,False,False,False,400000000,0.0,0.0,0.0,0.0,0.0,0.0,0.0,0.0,0.0,23821000,0,1091402000,981592000,82583000,43317000,28130000,0,385197000,1091402000,29465000,82583000,0,0,440986000,385197000,0,0,0,0,714866000,440986000,0,0,0,0,0,0,0,0
5836625710,"ООО ""ГОСКАНЦЕЛЯРИЯ""",122,586,False,False,False,False,True,False,107332150,0.0,0.0,0.0,0.0,0.0,0.0,0.0,0.0,0.0,0,0,131388000,132555000,7174000,6797000,0,0,141908000,131388000,6699000,7174000,0,0,150715000,141908000,5804000,6699000,0,0,157603000,150715000,8579000,5804000,0,0,0,0,0,0
7718135141,"ООО ""АСК-38""",97,283,True,False,False,False,False,False,2105897283,0.0,0.0,0.0,0.0,0.0,0.0,0.0,0.0,0.0,120007000,0,292466000,169111000,11455000,-38445000,64510000,0,252229000,292466000,20159000,11455000,91791000,0,282757000,252229000,11813000,20159000,79223000,0,280273000,282757000,11701000,11813000,0,0,0,0,0,0
7804642466,"ООО ""ГЕОПЛАСТ ПОЛИМЕР""",36,192,True,False,False,False,False,False,0,0.0,0.0,0.0,0.0,0.0,0.0,66587.48,0.0,0.0,0,0,659175000,387907000,0,0,0,0,1029146000,659175000,0,0,0,0,978986000,1029146000,0,0,0,0,954068000,978986000,0,0,0,0,0,0,0,0
1645018033,"ООО ""ПЛАЗМА""",142,273,True,False,False,False,False,False,0,0.0,0.0,0.0,0.0,0.0,0.0,0.0,0.0,0.0,62192000,0,184940000,201212000,7582000,8221000,159380000,0,188310000,184940000,12664000,7582000,207836000,0,375020000,188310000,27280000,12664000,202647000,0,266907000,375020000,20435000,27280000,0,0,0,0,0,0
6168041495,"ООО""ЛУБРИМЕКС""",143,627,True,False,False,False,False,False,490593,0.0,0.0,0.0,0.0,0.0,0.0,0.0,0.0,0.0,3891000,0,734580000,620259000,3250000,-137000,3530000,0,697387000,734580000,38270000,3250000,7364000,0,563974000,697387000,19073000,38270000,4490000,0,663883000,563974000,10707000,19073000,0,0,0,0,0,0
9709056585,"ООО ""МОНЕТА МСК""",96,661,False,True,False,False,False,False,0,0.0,0.0,0.0,0.0,0.0,0.0,0.0,0.0,0.0,0,0,153038000,221781000,0,0,0,0,108495000,153038000,0,0,0,0,109628000,108495000,0,0,0,0,0,0,0,0,0,0,0,0,0,0
5827008044,"ООО "" СФ ""ПОБЕДА""",124,441,True,False,False,False,False,False,2180393,0.0,0.0,0.0,0.0,0.0,0.0,0.0,0.0,0.0,35385000,0,531584000,465899000,21758000,7592000,74884000,0,662536000,531584000,99757000,21758000,73200000,0,598138000,662536000,20621000,99757000,86679000,0,501743000,598138000,-48073000,20621000,0,0,0,0,0,0
5252013092,"ООО ""АВТОТЕХКОМПЛЕКТ""",106,449,True,False,False,False,False,False,10944040671,0.0,0.0,0.0,0.0,0.0,0.0,0.0,0.0,0.0,0,0,3350265000,633782000,0,0,43679000,0,4423785000,3350265000,358201000,177230000,18451000,0,7070182000,4423785000,685484000,358201000,23847000,0,5873693000,7070182000,444365000,685484000,0,0,0,0,0,0
5404512910,"ООО ""СИБМЕТСНАБ""",110,659,True,False,False,False,False,False,0,0.0,0.0,0.0,0.0,0.0,0.0,0.0,0.0,0.0,0,0,769827000,440069000,0,0,0,0,399670000,769827000,0,0,0,0,467928000,399670000,0,0,0,0,428271000,467928000,0,0,0,0,0,0,0,0
5249105530,"ООО ""ЗАЛП""",106,195,True,False,False,False,False,False,0,0.0,0.0,0.0,0.0,0.0,0.0,0.0,0.0,0.0,0,0,317666000,210417000,0,0,0,0,374657000,317666000,0,0,0,0,334002000,374657000,0,0,0,0,309037000,334002000,0,0,0,0,0,0,0,0
3818018973,"ООО ""МАЯК""",49,670,True,False,False,False,False,False,1837418,0.0,0.0,0.0,0.0,0.0,0.0,0.0,0.0,0.0,0,0,154982000,134706000,7541000,9629000,0,0,182493000,154982000,30416000,7541000,0,0,180827000,182493000,16952000,30416000,0,0,180827000,180827000,16952000,16952000,0,0,0,0,0,0
4703134206,"ООО ""АЛКОМИР""",83,679,True,False,False,False,False,False,0,0.0,0.0,0.0,0.0,0.0,0.0,0.0,0.0,0.0,0,0,187529000,183456000,0,0,0,0,207503000,187529000,0,0,0,0,111338000,207503000,0,0,0,0,108608000,111338000,0,0,0,0,0,0,0,0
4345109863,"ООО ""АЛЬЯНС""",67,557,True,False,False,False,False,False,0,0.0,0.0,0.0,0.0,0.0,0.0,0.0,0.0,0.0,0,0,1259867000,739205000,87699000,30303000,5258000,0,869175000,1259867000,56241000,87699000,10298000,0,787847000,869175000,36649000,56241000,6593000,0,684753000,787847000,34238000,36649000,0,0,0,0,0,0
4345354840,"ООО ""ККК КОМПАНЬОН""",66,667,True,False,False,False,False,False,0,0.0,0.0,0.0,0.0,0.0,0.0,0.0,0.0,0.0,0,0,123693000,122382000,0,0,0,0,129801000,123693000,0,0,0,0,136303000,129801000,0,0,0,0,140329000,136303000,0,0,0,0,0,0,0,0
3662147233,"ООО ""ДИАФАРМ""",34,575,True,False,False,False,False,False,5320922216,0.0,0.0,0.0,0.0,0.0,0.0,0.0,0.0,0.0,590000,0,1026068000,956890000,-4842000,22154000,1198000,0,972845000,1026068000,-63355000,-4842000,98000,0,904126000,972845000,-77139000,-63355000,226000,0,938181000,904126000,-49660000,-77139000,0,0,0,0,0,0
7107551275,"ООО ""ШТИЛЬ ЭНЕРГО""",186,335,True,False,False,False,False,False,0,0.0,0.0,0.0,0.0,0.0,0.0,0.0,0.0,0.0,24654000,0,921589000,547925000,195293000,105519000,66982000,0,1299270000,921589000,441920000,195293000,135513000,0,1923626000,1299270000,652779000,441920000,302983000,0,3041110000,1923626000,1022868000,652779000,0,0,0,0,0,0
7841461436,"ООО ""АТОМПРОМКОМПЛЕКС""",36,318,True,False,False,False,False,False,582074830,0.0,0.0,0.0,0.0,0.0,0.0,0.0,0.0,0.0,31810000,0,215170000,183850000,18476000,3295000,30372000,0,228142000,215170000,40797000,18476000,31106000,0,459367000,228142000,83290000,40797000,56360000,0,291102000,459367000,34411000,83290000,0,0,0,0,0,0
6325068130,"ООО ""СПС""",151,192,True,False,False,False,False,False,0,0.0,0.0,0.0,0.0,0.0,0.0,22677586.34,0.0,0.0,228917000,0,670120000,600031000,30071000,47228000,150163000,0,714309000,670120000,67980000,30071000,291950000,0,1619281000,714309000,261410000,67980000,596742000,0,2394631000,1619281000,735547000,261410000,0,0,0,0,0,0
6829069750,"ООО ""ГАРАНТ +""",175,627,True,False,False,False,False,False,12676458,0.0,0.0,0.0,0.0,0.0,0.0,0.0,0.0,0.0,11952000,0,636782000,529439000,8341000,7576000,11968000,0,844162000,636782000,11488000,8341000,22381000,0,858085000,844162000,11705000,8535000,28378000,0,1011070000,858085000,9240000,11705000,0,0,0,0,0,0
5249151656,"ООО ""ТЕХПЛАНТ""",105,651,True,False,False,False,False,False,188969,0.0,0.0,0.0,0.0,0.0,0.0,0.0,0.0,0.0,0,0,364345000,218499000,0,0,0,0,549643000,364345000,0,0,0,0,397945000,549643000,0,0,0,0,442530000,397945000,0,0,0,0,0,0,0,0
2460249600,"ООО ""СОАК""",74,459,True,False,False,False,False,False,227784045,0.0,0.0,0.0,0.0,0.0,0.0,0.0,0.0,0.0,0,0,57440000,175085000,0,0,0,0,58666000,57440000,0,0,0,0,77911000,58666000,0,0,0,0,95621000,77911000,0,0,0,0,0,0,0,0
7224069315,"ООО ""ЕТС ТРЕЙД""",189,459,True,False,False,False,False,False,751785,0.0,0.0,0.0,0.0,0.0,0.0,0.0,0.0,0.0,35018000,0,1036841000,519490000,46838000,25626000,45082000,0,2050056000,1036841000,473557000,46489000,58056000,0,3822327000,2050056000,657324000,473557000,515284000,0,4053215000,3822327000,542071000,657324000,0,0,0,0,0,0
2724122254,"ООО ""ТДВ""",193,610,False,False,False,False,False,True,47803790,0.0,0.0,0.0,0.0,0.0,0.0,0.0,0.0,0.0,1450000,0,1850967000,1254292000,214485000,163363000,16338000,0,3062497000,1850967000,307120000,214485000,16139000,0,3767195000,3062497000,690706000,307120000,6364000,0,533174000,3767195000,-87545000,690706000,0,0,0,0,0,0
2222848885,"ООО ТД ""БЛАСТ""",3,657,True,False,False,False,False,False,0,0.0,0.0,0.0,0.0,0.0,0.0,0.0,0.0,0.0,0,0,315672000,197904000,0,0,0,0,220993000,315672000,0,0,0,0,115323000,220993000,0,0,0,0,55071000,115323000,0,0,0,0,0,0,0,0
5222070456,"ООО ""БПР""",106,408,True,False,False,False,False,False,0,0.0,0.0,0.0,0.0,0.0,0.0,0.0,0.0,0.0,599871000,0,1263645000,1285963000,167575000,231121000,607663000,0,268335000,1263645000,-31172000,167575000,756622000,0,125459000,268335000,-130873000,-31172000,905928000,0,395961000,125459000,-97648000,-130873000,0,0,0,0,0,0
5249049684,"ООО НПФ ""ТЕХМАШ ИНЖИНИРИНГ""",105,642,True,False,False,False,False,False,31823884,0.0,0.0,0.0,0.0,0.0,0.0,0.0,0.0,0.0,298349000,0,219052000,236081000,22539000,17384000,300118000,0,285111000,219052000,20352000,22539000,305489000,0,313360000,285111000,42490000,20352000,478108000,0,476850000,313360000,62357000,49005000,0,0,0,0,0,0
2311147190,"ООО ""ЛОГИСТИКА АЛЬТЕРНАТИВА""",73,532,True,False,False,False,False,False,0,0.0,0.0,0.0,0.0,0.0,0.0,0.0,0.0,0.0,1440000,0,5018895000,3869834000,182353000,143718000,8719000,0,5143675000,5018895000,300841000,182353000,6380000,0,11671941000,5143675000,377644000,300841000,4890000,0,5049845000,11671941000,152206000,377644000,0,0,0,0,0,0
9705087254,"ООО ""ЛЮКССТАЛЬ""",35,394,True,False,False,False,False,False,0,0.0,0.0,0.0,0.0,0.0,0.0,0.0,0.0,0.0,2805000,0,272648000,199361000,29098000,18081000,2497000,0,303116000,272648000,63259000,29098000,2625000,0,431741000,303116000,68140000,63259000,4782000,0,572315000,431741000,83104000,68140000,0,0,0,0,0,0
7801143363,"ООО ""ТЕХНОЛИТ""",36,257,True,False,False,False,False,False,62269790,0.0,0.0,0.0,0.0,0.0,0.0,0.0,0.0,0.0,0,0,51924000,159099000,0,0,0,0,105446000,51924000,0,0,4980000,0,124544000,105446000,15293000,14372000,4330000,0,131257000,124544000,20650000,15293000,0,0,0,0,0,0
7705973315,"ООО ""АЛЬЯНС ПРОДЖЕКТС""",96,602,True,False,False,False,False,False,0,0.0,0.0,0.0,0.0,0.0,0.0,0.0,0.0,0.0,4266000,0,4241249000,1296389000,277251000,111787000,3402000,0,7708687000,4241249000,570583000,277251000,48203000,0,5138738000,7708687000,622444000,570583000,38203000,0,8688228000,5138738000,1197793000,622444000,0,0,0,0,0,0
7743698194,"ООО КОМПАНИЯ ""СЕВЕРФРУКТ""",97,544,True,False,False,False,False,False,62272508,0.0,0.0,0.0,0.0,0.0,0.0,0.0,0.0,0.0,0,0,266815000,283330000,2640000,3044000,0,0,164554000,266815000,4062000,2640000,0,0,121462000,164554000,2686000,4062000,0,0,112801000,121462000,2210000,2686000,0,0,0,0,0,0
7735093043,"ООО ""ВИТАЛ-ПК""",96,578,True,False,False,False,False,False,308056208,0.0,0.0,0.0,0.0,0.0,0.0,0.0,0.0,0.0,0,0,207394000,170126000,0,0,0,0,222796000,207397000,0,0,0,0,239940000,222796000,0,0,0,0,276309000,239940000,0,0,0,0,0,0,0,0
5610049140,"ООО ""ФАРМАВИР""",118,575,True,False,False,False,False,False,1256963291,0.0,0.0,0.0,0.0,0.0,0.0,0.0,0.0,0.0,16829000,0,709190000,862397000,8021000,17519000,11079000,0,414134000,709190000,-6028000,8021000,10295000,0,86794000,414125000,-18214000,-5961000,9587000,0,70628000,86794000,-6608000,-18214000,0,0,0,0,0,0
7733829225,"ООО ""РШК""",96,82,True,False,False,False,False,False,0,0.0,0.0,0.0,0.0,0.0,0.0,0.0,0.0,0.0,13818000,0,593116000,449170000,99922000,32861000,31199000,0,766609000,593116000,176167000,99922000,89386000,0,614077000,766609000,147434000,176167000,108019000,0,634438000,614077000,169690000,147434000,0,0,0,0,0,0
7714904861,"ООО ""ФЛЕКСОПРОМ""",35,653,True,False,False,False,False,False,0,0.0,0.0,0.0,0.0,0.0,0.0,0.0,0.0,0.0,0,0,201772000,160008000,0,0,0,0,222244000,201772000,0,0,0,0,230684000,222244000,0,0,0,0,241101000,230684000,0,0,0,0,0,0,0,0
3663042032,"АО ""ПЯТЬЮ ПЯТЬ""",33,638,False,False,True,False,False,False,36563876,0.0,0.0,0.0,0.0,0.0,0.0,190488115.11,0.0,0.0,294151000,0,622613000,1550041000,-307042000,-465555000,122428000,0,72129000,622613000,-91372000,-307042000,126915000,0,8808000,72129000,-51901000,-91372000,69349000,0,1200000,8808000,94000,-51901000,0,0,0,0,0,0
2309151778,"ООО ""ВАЙТ ХАУС""",73,711,True,False,False,False,False,False,0,0.0,0.0,0.0,0.0,0.0,0.0,0.0,0.0,0.0,0,0,117252000,122003000,0,0,0,0,100576000,117252000,0,0,0,0,28908000,100576000,0,0,0,0,79372000,28908000,0,0,0,0,0,0,0,0
7709916100,"ООО ""ШТЕЙМАН КРАФТ""",35,575,True,False,False,False,False,False,819059885,0.0,0.0,0.0,0.0,0.0,0.0,0.0,0.0,0.0,0,0,550674000,460391000,0,0,0,0,634019000,550674000,0,0,0,0,590456000,634019000,0,0,0,0,754256000,590456000,0,0,0,0,0,0,0,0
7802430064,"ООО ""ВЕЛОДРАЙВ""",36,721,True,False,False,False,False,False,0,0.0,0.0,0.0,0.0,0.0,0.0,0.0,0.0,0.0,63700000,0,169584000,193696000,28711000,24584000,61100000,0,169968000,169584000,19028000,28711000,58500000,0,160326000,169968000,23951000,19028000,55900000,0,173961000,160326000,11615000,23951000,0,0,0,0,0,0
7722341644,"ООО ""ЮНИОН ТРАНС""",96,610,True,False,False,False,False,False,0,0.0,0.0,0.0,0.0,0.0,0.0,0.0,0.0,0.0,21744000,0,423966000,312878000,13647000,22767000,22497000,0,536087000,423966000,28725000,13647000,26908000,0,837196000,536087000,93997000,28725000,26544000,0,969601000,837196000,263697000,93997000,0,0,0,0,0,0
7707369797,"ООО ""ПРЕМИАЛЬНЫЙ МАРКЕТ""",35,756,True,False,False,False,False,False,0,0.0,0.0,0.0,0.0,0.0,0.0,0.0,0.0,0.0,418000,0,277382000,429203000,-2339000,26853000,202000,0,226410000,277382000,3894000,-2339000,5883000,0,73766000,226410000,-6087000,3894000,1790000,0,0,73766000,-651000,-6087000,0,0,0,0,0,0
7731285629,"ООО ""АВЕР""",35,565,True,False,False,False,False,False,0,0.0,0.0,0.0,0.0,0.0,0.0,0.0,0.0,0.0,0,0,279054000,307759000,0,0,0,0,258392000,279054000,0,0,0,0,524129000,258392000,0,0,0,0,675046000,524129000,0,0,0,0,0,0,0,0
7703100210,"ООО ""ОПТИМА""",35,423,False,False,True,False,False,False,0,0.0,0.0,0.0,0.0,0.0,0.0,3476395.27,13500.0,13500.0,80481000,0,389155000,359065000,6282000,12088000,68690000,0,441036000,389155000,9823000,6282000,57304000,0,276600000,441036000,10079000,9823000,0,0,0,0,0,0,0,0,0,0,0,0
3257056787,"ООО ""СКОПРОМ""",20,661,True,False,False,False,False,False,0,0.0,0.0,0.0,0.0,0.0,0.0,0.0,0.0,0.0,0,0,168359000,189556000,-246000,301000,0,0,238154000,168359000,1062000,-246000,0,0,261098000,238154000,2079000,1062000,0,0,282699000,261098000,1119000,2079000,0,0,0,0,0,0
2311281742,"ООО ""НПК""",73,28,True,False,False,False,False,False,0,0.0,0.0,0.0,0.0,0.0,0.0,0.0,0.0,0.0,34177000,0,516690000,222431000,12267000,11706000,26626000,0,936000000,516690000,27228000,12267000,24323000,0,856716000,936000000,38506000,27228000,31269000,0,1029906000,856716000,55443000,38506000,0,0,0,0,0,0
7714015735,"АО ""МЕЛЬКОМБИНАТ №3""",35,43,True,False,False,False,False,False,263666249,0.0,0.0,0.0,0.0,0.0,0.0,0.0,0.0,0.0,880452000,0,6863426000,5752141000,611455000,811031000,813970000,0,7473411000,6863426000,759158000,611455000,796247000,0,6114022000,7473411000,1270516000,759158000,845230000,0,7089874000,6114022000,1171795000,1270516000,0,0,0,0,0,0
7728060368,"ОАО ""КБК ""ЧЕРЕМУШКИ""",35,48,True,False,False,False,False,False,1529552,0.0,0.0,0.0,0.0,0.0,0.0,0.0,0.0,0.0,2409201000,0,4376376000,2959852000,-143855000,-8221000,2106503000,0,5963313000,4376376000,320016000,-143855000,2346583000,0,7376047000,5963313000,328183000,320016000,3116413000,0,10905952000,7376047000,131504000,328183000,0,0,0,0,0,0
7017437994,"ООО ""АТЛ""",183,661,True,False,False,False,False,False,18269847,0.0,0.0,0.0,0.0,0.0,0.0,0.0,0.0,0.0,6724000,0,1387558000,1150936000,26457000,23518000,7413000,0,1223326000,1387558000,25535000,26457000,6420000,0,1049371000,1223326000,32484000,25535000,0,0,645487000,1049371000,16248000,32484000,0,0,0,0,0,0
7813494542,"ООО ""ЗПФ""",153,727,False,True,False,False,False,False,114809020,0.0,0.0,0.0,0.0,0.0,0.0,0.0,0.0,0.0,5925000,0,409022000,274222000,19113000,-5049000,9586000,0,357690000,409022000,4964000,19113000,18192000,0,385910000,357690000,29997000,4964000,0,0,0,0,0,0,0,0,0,0,0,0
1650325150,"ООО ""МИДКАМ ЗАПЧАСТЬ""",142,459,True,False,False,False,False,False,0,0.0,0.0,0.0,0.0,0.0,0.0,0.0,0.0,0.0,394000,0,1052977000,693108000,86691000,40482000,6377000,0,1219166000,1052977000,129965000,86691000,6612000,0,1447300000,1219166000,123793000,129965000,7924000,0,1421087000,1447300000,97945000,123793000,0,0,0,0,0,0
7701751752,"ООО ""ЧИСЛО АВОГАДРО""",96,546,False,True,False,False,False,False,0,0.0,0.0,0.0,0.0,0.0,0.0,0.0,0.0,0.0,0,0,639376000,410788000,37922000,41992000,0,0,370563000,639376000,-7764000,37922000,0,0,0,370563000,-196000,-7764000,0,0,0,0,0,0,0,0,0,0,0,0
6950059765,"ООО ""АЛИОТ""",96,295,True,False,False,False,False,False,1840163049,0.0,0.0,0.0,0.0,0.0,0.0,0.0,0.0,0.0,262347000,0,1923247000,1638832000,378168000,55946000,502265000,0,9109254000,1923247000,6238470000,378168000,413686000,0,6954605000,9109254000,4064915000,6238470000,490789000,0,6023171000,6954605000,2575881000,4064915000,0,0,0,0,0,0
7811667743,"ООО ""ЮНИСТРЕЙД""",153,661,True,False,False,False,False,False,0,0.0,0.0,0.0,0.0,0.0,0.0,0.0,0.0,0.0,0,0,178734000,183984000,0,0,0,0,95030000,178734000,0,0,0,0,91101000,95030000,0,0,0,0,69576000,91101000,0,0,0,0,0,0,0,0
6670319869,"ООО КОМПАНИЯ ""ПИОНЕР""",164,661,True,False,False,False,False,False,0,0.0,0.0,0.0,0.0,0.0,0.0,0.0,0.0,0.0,0,0,61970000,173269000,0,0,0,0,141218000,61970000,0,0,0,0,296280000,141218000,0,0,0,0,21755000,296280000,0,0,0,0,0,0,0,0
7448206582,"ООО ""УСМ""",199,661,True,False,False,False,False,False,4299933,0.0,0.0,0.0,0.0,0.0,0.0,0.0,0.0,0.0,5354000,0,1220970000,782967000,99990000,33660000,10134000,0,1614414000,1220970000,169703000,99990000,19920000,0,1600817000,1614414000,142231000,169703000,20420000,0,1747463000,1600817000,161683000,142231000,0,0,0,0,0,0
5031055802,"ООО ""БЕТА-СИЛИКОН""",99,651,True,False,False,False,False,False,0,0.0,0.0,0.0,0.0,0.0,0.0,0.0,0.0,0.0,61000,0,171507000,205803000,5804000,27372000,1607000,0,390999000,171507000,61690000,5804000,0,0,470943000,390999000,8985000,61690000,4358000,0,511279000,470943000,-1403000,8985000,0,0,0,0,0,0
2502027296,"ООО ""АВИАТОР""",126,663,True,False,False,False,False,False,8080,0.0,0.0,0.0,0.0,0.0,0.0,0.0,0.0,0.0,170213000,0,1077834000,917394000,47364000,40658000,134508000,0,1172167000,1077834000,37504000,47364000,151215000,0,1144489000,1172167000,20977000,37504000,142422000,0,1274445000,1144489000,557000,20977000,0,0,0,0,0,0
2466072879,"АО ""ГОРТЕХМАШ-ЗАВОДЫ""",74,623,True,False,False,False,False,False,490000000,0.0,0.0,0.0,0.0,0.0,0.0,0.0,0.0,0.0,7938000,0,400773000,250212000,11620000,9685000,5862000,0,456714000,400773000,63850000,11620000,3960000,0,659464000,456714000,39165000,63850000,8247000,0,1262684000,659464000,191372000,39165000,0,0,0,0,0,0
3527010088,"ООО ""ХОЛБИТ""",29,116,True,False,False,False,False,False,2486940,0.0,0.0,0.0,0.0,0.0,0.0,0.0,0.0,0.0,856312000,0,1958349000,1149852000,678856000,147405000,1125407000,0,1392149000,1958349000,248233000,678856000,1301912000,0,1050627000,1392149000,53128000,248233000,1778615000,0,1424369000,1050627000,345494000,53128000,0,0,0,0,0,0
7724453760,"ООО ""УЛУ ТРЕЙД""",96,519,True,False,False,False,False,False,0,0.0,0.0,0.0,0.0,0.0,0.0,0.0,0.0,0.0,0,0,302501000,349545000,0,0,0,0,121098000,302501000,0,0,0,0,418394000,121098000,0,0,0,0,867168000,419145000,0,0,0,0,0,0,0,0
7716937870,"ООО ""ПИЛИГРИМ""",96,524,True,False,False,False,False,False,0,0.0,0.0,0.0,0.0,0.0,0.0,0.0,0.0,0.0,0,0,198921000,126629000,0,0,0,0,233568000,198921000,0,0,0,0,301254000,233568000,0,0,0,0,295445000,301254000,0,0,0,0,0,0,0,0
7017406869,"ООО ""РИФ+""",182,546,False,False,False,False,False,True,0,0.0,0.0,0.0,0.0,0.0,0.0,0.0,0.0,0.0,0,0,200447000,285922000,0,0,0,0,142567000,200447000,0,0,0,0,168598000,142567000,0,0,0,0,162777000,168598000,0,0,0,0,0,0,0,0
5022031611,"ООО ""БАНКО""",99,139,True,False,False,False,False,False,0,0.0,0.0,0.0,0.0,0.0,0.0,0.0,0.0,0.0,51883000,0,192306000,156762000,2572000,1374000,43715000,0,191382000,192306000,238000,2572000,46203000,0,2734105000,191382000,34772000,238000,59849000,0,3069144000,2734105000,91396000,34772000,0,0,0,0,0,0
6685102523,"ООО ""МЕТАЛЛПРОМ ХОЛДИНГ УРАЛА""",153,661,True,False,False,False,False,False,0,0.0,0.0,0.0,0.0,0.0,0.0,0.0,0.0,0.0,6626000,0,651266000,491656000,21768000,6288000,11773000,0,552052000,651266000,15815000,21915000,23443000,0,1168417000,552052000,47212000,15815000,16073000,0,1019763000,1168417000,370575000,47212000,0,0,0,0,0,0
4246003993,"ООО ""НПЗ ""СЕВЕРНЫЙ КУЗБАСС""",64,147,True,False,False,False,False,False,0,0.0,0.0,0.0,0.0,0.0,0.0,41897594.32,0.0,0.0,4776514000,0,717898000,763225000,-16926000,154083000,4554077000,0,229636000,717898000,-174173000,-16926000,4263349000,0,176951000,229636000,19278000,-174173000,4103383000,0,209286000,176951000,44389000,19278000,0,0,0,0,0,0
7718971837,"ООО ""ЯРМАРКА ВЕСЕЛЬЯ""",96,538,True,False,False,False,False,False,0,0.0,0.0,0.0,0.0,0.0,0.0,0.0,0.0,0.0,0,0,107410000,166675000,0,0,0,0,104028000,107410000,0,0,0,0,59718000,104028000,0,0,0,0,189622000,59718000,0,0,0,0,0,0,0,0
4632043920,"ОАО  ""ЭНЕРГОМАШ""",82,331,True,False,False,False,False,False,13386769,0.0,0.0,0.0,0.0,0.0,0.0,0.0,0.0,0.0,6684000,0,155964000,194104000,8089000,15856000,5799000,0,339084000,155964000,54560000,8089000,4930000,0,248998000,339084000,32150000,54560000,8764000,0,214967000,248998000,9193000,32150000,0,0,0,0,0,0
7723930064,"ООО ""ПАРРУС ИМПОРТ""",95,649,True,False,False,False,False,False,0,0.0,0.0,0.0,0.0,0.0,0.0,0.0,0.0,0.0,0,0,286505000,136814000,0,0,0,0,521243000,286505000,0,0,0,0,493081000,521243000,0,0,16381000,0,441165000,493081000,79281000,135313000,0,0,0,0,0,0
1328911616,"ООО ""ОПТАН""",139,689,True,False,False,False,False,False,465712768,0.0,0.0,0.0,0.0,0.0,0.0,0.0,0.0,0.0,37385000,0,300440000,337947000,6654000,8571000,35592000,0,294287000,300440000,13283000,6654000,34976000,0,260820000,294287000,6701000,13283000,38018000,0,280855000,260820000,2587000,6701000,0,0,0,0,0,0
2013432097,"ООО ТЗК ""АЭРОЛИДЕР""",202,475,False,True,False,False,False,False,60397814,0.0,0.0,0.0,0.0,0.0,0.0,0.0,0.0,0.0,0,0,472805000,188908000,1234000,398000,0,0,1248996000,472805000,2027000,1234000,0,0,1520979000,1248996000,3899000,2027000,0,0,0,0,0,0,0,0,0,0,0,0
1660065165,"ООО ""КАЗАНЬ-ШИНТОРГ""",142,460,True,False,False,False,False,False,227120939,0.0,0.0,0.0,0.0,0.0,0.0,0.0,0.0,0.0,197285000,0,1479003000,1350144000,61926000,49821000,202067000,0,1414140000,1479003000,53038000,61926000,225383000,0,1712310000,1414140000,28165000,53038000,248277000,0,1954943000,1712310000,38597000,28165000,0,0,0,0,0,0
7721586698,"ООО ""РАДИОПРИБОРИНТОРГ""",35,619,True,False,False,False,False,False,29012896,0.0,0.0,0.0,0.0,0.0,0.0,0.0,0.0,0.0,0,0,42507000,256972000,0,0,0,0,249905000,42507000,0,0,0,0,414193000,249905000,0,0,0,0,91174000,414193000,0,0,0,0,0,0,0,0
3812142879,"ООО ""МАРТИН-БАЙКАЛ""",47,54,True,False,False,False,False,False,0,0.0,0.0,0.0,0.0,0.0,0.0,0.0,0.0,0.0,156530000,0,561595000,534060000,-12301000,42629000,165766000,0,780156000,561595000,-14450000,-12301000,153142000,0,882605000,780156000,-11439000,-14450000,163913000,0,1073383000,882605000,32369000,-11439000,0,0,0,0,0,0
7811638319,"ООО ""БАЗИС ЦЕНТР""",36,638,True,False,False,False,False,False,0,0.0,0.0,0.0,0.0,0.0,0.0,0.0,0.0,0.0,17566000,0,192207000,129304000,2267000,553000,18065000,0,173648000,192207000,2412000,2267000,23431000,0,179610000,173648000,1445000,2412000,0,0,265335000,179610000,0,0,0,0,0,0,0,0
7816553210,"ООО ""АВТОШОП""",153,459,True,False,False,False,False,False,0,0.0,0.0,0.0,0.0,0.0,0.0,0.0,0.0,0.0,28374000,0,4022408000,2629468000,22360000,20381000,20301000,0,4594178000,4022408000,104437000,22360000,14333000,0,5526081000,4594178000,205384000,104437000,8368000,0,7221618000,5526081000,524680000,205384000,0,0,0,0,0,0
7728349897,"ООО ""КОЛОР-ТРЕНД""",95,573,True,False,False,False,False,False,0,0.0,0.0,0.0,0.0,0.0,0.0,0.0,0.0,0.0,162000,0,645384000,528262000,84381000,95299000,0,0,846824000,645384000,274003000,84381000,16000,0,39436000,846824000,-78044000,274003000,0,0,942000,39436000,0,0,0,0,0,0,0,0
5612163040,"ООО ""МОЛОКО-М""",117,685,False,False,False,False,False,True,77347862,0.0,0.0,0.0,0.0,0.0,0.0,1545562.13,0.0,0.0,0,0,163571000,234657000,0,0,0,0,162186000,163571000,0,0,0,0,138082000,162186000,0,0,0,0,0,0,0,0,0,0,0,0,0,0
3446040366,"ООО ""ЕВРООПТ""",28,594,True,False,False,False,False,False,0,0.0,0.0,0.0,0.0,0.0,0.0,0.0,0.0,0.0,1661000,0,184680000,139263000,12385000,11808000,246000,0,207175000,184680000,14668000,12385000,0,0,238537000,207175000,25656000,14668000,0,0,235226000,238537000,20409000,25656000,0,0,0,0,0,0
1326229990,"ООО""ВАГОНОРЕМОНТНАЯКОМПАНИЯ""",139,417,False,False,True,False,False,False,0,0.0,0.0,0.0,0.0,0.0,0.0,26315741.27,64933.08,0.0,18860000,0,262085000,218415000,15729000,5996000,8695000,0,244129000,262085000,6873000,15729000,59155000,0,190339000,244129000,5300000,6873000,68242000,0,160043000,190339000,-72138000,5300000,0,0,0,0,0,0
3664232156,"ООО ""ТЕХНОРЕСУРС""",33,623,True,False,False,False,False,False,0,0.0,0.0,0.0,0.0,0.0,0.0,3167.97,0.0,0.0,0,0,502454000,578973000,146000,590000,0,0,663557000,502454000,143000,146000,0,0,452295000,663557000,162000,143000,0,0,308772000,452295000,225000,162000,0,0,0,0,0,0
2312261611,"ООО ""ГРАНД ТОБАКО""",73,537,True,False,False,False,False,False,0,0.0,0.0,0.0,0.0,0.0,0.0,0.0,0.0,0.0,0,0,4228667000,4459779000,350155000,284592000,0,0,4622562000,4228667000,640408000,350155000,13967000,0,7551146000,4622562000,422999000,640408000,114933000,0,10083796000,7551146000,697258000,422999000,0,0,0,0,0,0
5024123459,"ООО ""ИНПРИНТ""",35,140,True,False,False,False,False,False,0,0.0,0.0,0.0,0.0,0.0,0.0,0.0,0.0,0.0,3229000,0,170922000,162663000,8003000,4161000,1133000,0,241157000,170922000,7133000,8003000,747000,0,259651000,241157000,9171000,7133000,503000,0,217435000,259651000,8086000,9171000,0,0,0,0,0,0
3120100796,"ООО ""ТД ""ХОЛОДИЛЬНОЕ ОБОРУДОВАНИЕ""",18,614,True,False,False,False,False,False,0,0.0,0.0,0.0,0.0,0.0,0.0,0.0,317.29,317.29,196000000,0,1103062000,1251717000,23631000,35968000,208200000,0,898858000,1103062000,26133000,23631000,220075000,0,366701000,898858000,-120387000,26133000,0,0,0,0,0,0,0,0,0,0,0,0
6372025790,"ООО ""АЛЬТЕРНАТИВА""",151,692,False,False,True,False,False,False,0,0.0,0.0,0.0,0.0,0.0,0.0,181391472.01,31081.59,31081.59,602679000,0,2399189000,219793000,94883000,14134000,887261000,0,1899463000,2399189000,110174000,94883000,0,0,1198851000,1552211000,-430469000,57311000,0,0,0,0,0,0,0,0,0,0,0,0
3628018894,"ООО ""ТК ИМПЕРИАЛ""",33,638,True,False,False,False,False,False,0,0.0,0.0,0.0,0.0,0.0,0.0,1437178.61,0.0,0.0,186245000,0,1161506000,797358000,36546000,21592000,348137000,0,986864000,1161506000,36975000,36546000,419713000,0,1645329000,986864000,22359000,36975000,408658000,0,1641202000,1645329000,-77923000,22359000,0,0,0,0,0,0
4205043066,"АО ""СИБГИДРАЛ""",95,185,True,False,False,False,False,False,12629794,0.0,0.0,0.0,0.0,0.0,0.0,0.0,0.0,0.0,3694000,0,139677000,142013000,2307000,4367000,2428000,0,249039000,139677000,7266000,2307000,1632000,0,310472000,249039000,6733000,7266000,52476000,0,487672000,310472000,19542000,6733000,0,0,0,0,0,0
7719812685,"ООО ""КПО МЕДАППАРАТУРА""",96,577,True,False,False,False,False,False,79215900,0.0,0.0,0.0,0.0,0.0,0.0,0.0,0.0,0.0,0,0,124652000,226135000,0,0,0,0,11709000,124652000,0,0,0,0,55110000,11709000,0,0,0,0,7014000,55110000,0,0,0,0,0,0,0,0
7722278262,"ООО ""ЛИМАТОНУПАКОВКА""",46,193,True,False,False,False,False,False,0,0.0,0.0,0.0,0.0,0.0,0.0,0.0,0.0,0.0,156326000,0,3213048000,2105727000,149099000,159362000,160181000,0,3525049000,3213048000,170142000,149099000,139946000,0,4084168000,3525049000,468819000,170142000,147943000,0,4396249000,4084168000,472033000,468819000,0,0,0,0,0,0
2466094431,"ООО ""ТЕХНОЛОГИЧЕСКИЙ СЕРВИС""",74,625,False,False,True,False,False,False,153504245,0.0,0.0,0.0,0.0,0.0,0.0,4980269.34,0.0,0.0,29383000,0,1659157000,851039000,53688000,22564000,137306000,0,1723865000,1659157000,88441000,50281000,112649000,0,585340000,1723865000,-11688000,88441000,15314000,0,269209000,585340000,-115667000,-11688000,0,0,0,0,0,0
7826723461,"ЗАО ""ФИРМА ""ДОМЕН""",153,577,True,False,False,False,False,False,487816830,0.0,0.0,0.0,0.0,0.0,0.0,0.0,0.0,0.0,6704000,0,153043000,182537000,1283000,11505000,3737000,0,170131000,153043000,9687000,1283000,3012000,0,150052000,170131000,11458000,9687000,9044000,0,275901000,150052000,9149000,11458000,0,0,0,0,0,0
6234098874,"ООО ""ЛАНС""",148,594,True,False,False,False,False,False,28885,0.0,0.0,0.0,0.0,0.0,0.0,0.0,0.0,0.0,0,0,246953000,188216000,0,0,0,0,220921000,246953000,0,0,0,0,233030000,220921000,0,0,0,0,141000,233030000,0,0,0,0,0,0,0,0
7811541116,"ООО ""ДРЕССЕЛЬХАУС""",153,584,True,False,False,False,False,False,0,0.0,0.0,0.0,0.0,0.0,0.0,0.0,0.0,0.0,3831000,0,438250000,323475000,114437000,71099000,1553000,0,499540000,438250000,131395000,114437000,3773000,0,468950000,499540000,129244000,131395000,4557000,0,434760000,468950000,73865000,129244000,0,0,0,0,0,0
5024143381,"ООО ""ЗУМЛИОН ХЭВИ ИНДУСТРИ РУС""",98,444,True,False,False,False,False,False,0,0.0,0.0,0.0,0.0,0.0,0.0,0.0,500.0,500.0,54093000,0,3756892000,995904000,197083000,41933000,25658000,0,13852553000,3756892000,786920000,197083000,573080000,0,31411296000,13852553000,2778084000,786920000,2516246000,0,38848269000,31411296000,-672173000,2778084000,0,0,0,0,0,0
9701046320,"ООО ""ЛАВОПТТОРГ""",171,590,True,False,False,False,False,False,0,0.0,0.0,0.0,0.0,0.0,0.0,0.0,0.0,0.0,717000,0,336002000,221460000,3830000,946000,2000,0,273126000,336002000,6739000,3830000,78000,0,356061000,273126000,4052000,6739000,173000,0,460236000,356061000,7591000,4052000,0,0,0,0,0,0
1018003580,"ООО ""СТРОЙТОРГ""",135,700,True,False,False,False,False,False,0,0.0,0.0,0.0,0.0,0.0,0.0,0.0,0.0,0.0,4008000,0,167858000,164133000,13215000,13992000,2861000,0,169370000,167858000,7891000,13215000,1967000,0,173408000,169370000,7047000,7891000,8803000,0,181784000,173408000,918000,7047000,0,0,0,0,0,0
7802881324,"ООО ""СИМПЛКАРТРЕЙД""",36,447,True,False,False,False,False,False,0,0.0,0.0,0.0,0.0,0.0,0.0,0.0,0.0,0.0,0,0,149666000,135413000,0,0,0,0,130426000,149666000,0,0,0,0,176799000,130426000,0,0,0,0,0,0,0,0,0,0,0,0,0,0
3525093314,"ООО ""ТРАКТОРОЦЕНТР""",31,604,True,False,False,False,False,False,41200601,0.0,0.0,0.0,0.0,0.0,0.0,0.0,0.0,0.0,29431000,0,2588810000,1126932000,127736000,50206000,53720000,0,1902906000,2588810000,105909000,127736000,262550000,0,2721007000,1902906000,134875000,105909000,338673000,0,2842280000,2721007000,138372000,134875000,0,0,0,0,0,0
3664114843,"ООО ""ЛАБИОС""",34,576,True,False,False,False,False,False,646198880,0.0,0.0,0.0,0.0,0.0,0.0,0.0,0.0,0.0,0,0,206596000,135191000,0,0,0,0,133143000,206596000,0,0,0,0,198406000,133143000,0,0,0,0,218659000,198406000,0,0,0,0,0,0,0,0
7734349782,"ООО ""СМТ""",35,575,True,False,False,False,False,False,1123859372,0.0,0.0,0.0,0.0,0.0,0.0,0.0,0.0,0.0,2516000,0,441474000,396542000,69909000,58456000,3224000,0,401182000,441474000,63282000,69909000,2448000,0,395712000,401182000,71961000,63282000,2593000,0,418366000,395712000,73211000,71961000,0,0,0,0,0,0
3810063029,"ООО ""СИЛА СИБИРИ""",49,2,True,False,False,False,False,False,50260200,0.0,0.0,0.0,0.0,0.0,0.0,29200.56,0.0,0.0,26415000,0,1624909000,1548395000,145717000,124715000,24917000,0,967033000,1624909000,1064000,145717000,26899000,0,957878000,967033000,44241000,1065000,42842000,0,1029348000,957878000,-74770000,44241000,0,0,0,0,0,0
7706425181,"ООО ""КАЛИПСО""",96,554,True,False,False,False,False,False,0,0.0,0.0,0.0,0.0,0.0,0.0,0.0,0.0,0.0,3617000,0,1754396000,849612000,6978000,27426000,8048000,0,769626000,1754274000,-12225000,6856000,2100000,0,122874000,769626000,-6983000,-12225000,0,0,0,122874000,0,0,0,0,0,0,0,0
2311220281,"ООО ""МДК""",73,524,True,False,False,False,False,False,0,0.0,0.0,0.0,0.0,0.0,0.0,0.0,0.0,0.0,0,0,622624000,199628000,0,0,0,0,619074000,622624000,0,0,0,0,496356000,619074000,0,0,0,0,490766000,496356000,0,0,0,0,0,0,0,0
7807087316,"ООО ""СЕВЕРНАЯ СТОЛИЦА""",153,614,True,False,False,False,False,False,38889990,0.0,0.0,0.0,0.0,0.0,0.0,0.0,0.0,0.0,0,0,182976000,147861000,0,0,0,0,300008000,182976000,0,0,0,0,349691000,300008000,0,0,0,0,596282000,349691000,0,0,0,0,0,0,0,0
6670462227,"ООО ""АВК НОВА-ПРОМ""",164,157,True,False,False,False,False,False,0,0.0,0.0,0.0,0.0,0.0,0.0,0.0,0.0,0.0,0,0,244533000,244434000,0,0,0,0,233823000,244533000,0,0,0,0,279788000,233823000,0,0,0,0,232207000,279788000,0,0,0,0,0,0,0,0
1639026170,"ООО ""АВТО-1""",177,447,True,False,False,False,False,False,3613673,0.0,0.0,0.0,0.0,0.0,0.0,0.0,0.0,0.0,22982000,0,1420622000,1365038000,-5899000,31089000,16508000,0,864035000,1420622000,8569000,-5899000,7989000,0,1559960000,864035000,-9315000,8569000,18485000,0,2318582000,1559960000,-21688000,-9315000,0,0,0,0,0,0
5948045805,"ООО ""ВОСТОК МОТОРС ПЕРМЬ""",125,447,True,False,False,False,False,False,120000000,0.0,0.0,0.0,0.0,0.0,0.0,0.0,0.0,0.0,8221000,0,1320399000,1040815000,92427000,63596000,3706000,0,564674000,1320399000,6637000,92426000,3785000,0,261490000,564674000,-1186000,6637000,7659000,0,190672000,261490000,-8011000,-1186000,0,0,0,0,0,0
4805016829,"ООО ""КОМПАНИЯ ПФК""",88,638,True,False,False,False,False,False,0,0.0,0.0,0.0,0.0,0.0,0.0,0.0,0.0,0.0,0,0,97425000,129994000,0,0,0,0,65402000,97425000,0,0,0,0,45913000,65402000,0,0,0,0,51689000,45913000,0,0,0,0,0,0,0,0
5403137504,"ООО ""ГУЛЛИВЕР""",112,40,True,False,False,False,False,False,0,0.0,0.0,0.0,0.0,0.0,0.0,0.0,0.0,0.0,58046000,0,462571000,458060000,26978000,45269000,62740000,0,663239000,462571000,110025000,26978000,96027000,0,583420000,663239000,68301000,110025000,75144000,0,677254000,583420000,60321000,68301000,0,0,0,0,0,0
5401982699,"ООО ""ФОКСВЕЛД СИБИРЬ""",112,650,True,False,False,False,False,False,4472258,0.0,0.0,0.0,0.0,0.0,0.0,0.0,0.0,0.0,14001000,0,172227000,125366000,4749000,2768000,7562000,0,169133000,172227000,10336000,4749000,8666000,0,236125000,169133000,18976000,10336000,8531000,0,257996000,236125000,27757000,18976000,0,0,0,0,0,0
7817329500,"ООО ""ТЕХНИЧЕСКАЯ БУМАГА-СПБ""",36,655,False,True,False,False,False,False,8070711,0.0,0.0,0.0,0.0,0.0,0.0,0.0,0.0,0.0,0,0,249220000,177942000,18351000,15015000,0,0,155817000,249220000,15251000,18351000,0,0,214342000,155817000,17789000,15251000,0,0,0,0,0,0,0,0,0,0,0,0
7731322077,"ООО ""ФОРТУНА""",35,459,False,True,False,False,False,False,0,0.0,0.0,0.0,0.0,0.0,0.0,0.0,0.0,0.0,0,0,507612000,456005000,42634000,9110000,0,0,406317000,507647000,849000,42660000,0,0,461290000,406317000,9933000,849000,0,0,0,0,0,0,0,0,0,0,0,0
5257172113,"ООО ""НИЖЕГОРОДЕЦ ПАТРИОТ""",106,447,False,True,False,False,False,False,702553656,0.0,0.0,0.0,0.0,0.0,0.0,0.0,0.0,0.0,2782000,0,891434000,1030140000,4511000,9169000,0,0,818982000,891434000,16696000,4511000,0,0,79390000,818982000,7045000,16696000,0,0,0,0,0,0,0,0,0,0,0,0
7325099690,"ООО ""МАСЛА И СМАЗКИ""",192,625,True,False,False,False,False,False,23700513,0.0,0.0,0.0,0.0,0.0,0.0,0.0,0.0,0.0,0,0,316794000,225699000,1155000,742000,0,0,310633000,316794000,905000,1155000,2033000,0,310169000,310633000,1631000,905000,1564000,0,406509000,310169000,1196000,1631000,0,0,0,0,0,0
7721132510,"ООО ""МЕЕЗЕНБУРГ""",96,488,True,False,False,False,False,False,0,0.0,0.0,0.0,0.0,0.0,0.0,0.0,0.0,0.0,114686000,0,2383507000,2129782000,52367000,66912000,185193000,0,1396018000,2383507000,-7504000,52367000,202745000,0,1344400000,1396018000,85702000,-7503000,213298000,0,1748772000,1344400000,101637000,85702000,0,0,0,0,0,0
5010048900,"ООО ""ДИАМАНТ""",99,317,True,False,False,False,False,False,18600954,0.0,0.0,0.0,0.0,0.0,0.0,31141.0,0.0,0.0,0,0,63917000,243768000,0,0,0,0,64137000,63917000,0,0,0,0,28148000,64137000,0,0,0,0,47577000,28148000,0,0,0,0,0,0,0,0
7703525580,"ООО ""ТРАСТФИНГРУПП""",96,528,True,False,False,False,False,False,0,0.0,0.0,0.0,0.0,0.0,0.0,0.0,0.0,0.0,7158000,0,691331000,520946000,29771000,48749000,5202000,0,927966000,691331000,161039000,29771000,3323000,0,1161474000,927966000,285958000,161039000,10230000,0,1407906000,1161474000,335574000,285958000,0,0,0,0,0,0
9721087251,"ООО ""ДРЕНАЖНЫЙ ЭЛЕМЕНТ""",35,638,True,False,False,False,False,False,0,0.0,0.0,0.0,0.0,0.0,0.0,0.0,0.0,0.0,0,0,69541000,144899000,0,0,0,0,196391000,69541000,0,0,0,0,182953000,196391000,0,0,0,0,103779000,182953000,0,0,0,0,0,0,0,0
2305027963,"ООО ""СБСВ-КЛЮЧАВТО ФЦ-СОЧИ""",73,447,False,True,False,False,False,False,36011499,0.0,0.0,0.0,0.0,0.0,0.0,0.0,0.0,0.0,174469000,0,1210634000,920284000,64069000,48911000,20798000,0,926984000,1210634000,-66278000,64069000,50594000,0,1123846000,926984000,-59839000,-66278000,69626000,0,851637000,1123846000,-36338000,-59839000,0,0,0,0,0,0
7729758892,"ООО ""ГИДРОСЕТЬ МСК""",35,649,True,False,False,False,False,False,966076730,0.0,0.0,0.0,0.0,0.0,0.0,0.0,0.0,0.0,154000,0,206113000,337708000,-14126000,-24318000,70000,0,122677000,206113000,5817000,-14126000,0,0,106218000,122677000,5753000,5817000,0,0,28891000,106218000,215000,5753000,0,0,0,0,0,0
7813181860,"ООО ""ЛИКОФЛЕКС""",36,142,True,False,False,False,False,False,0,0.0,0.0,0.0,0.0,0.0,0.0,0.0,0.0,0.0,1367403000,0,4353002000,3617795000,380004000,410372000,1097993000,0,5582993000,4353002000,899826000,380004000,989032000,0,6558236000,5582993000,1695696000,899826000,2076837000,0,7862329000,6558236000,1689955000,1695696000,0,0,0,0,0,0
2305030356,"ООО ""СБСВ-КЛЮЧАВТО АЛЬФА""",73,447,False,True,False,False,False,False,4787199,0.0,0.0,0.0,0.0,0.0,0.0,0.0,0.0,0.0,62000000,0,2643049000,1247356000,-379000,-7378000,107165000,0,2345523000,2643049000,-174593000,-379000,93267000,0,3082656000,2345523000,-223927000,-174593000,0,0,0,0,0,0,0,0,0,0,0,0
6901071569,"ООО ""ТВЕРЬСТРОЙМАШ""",180,405,True,False,False,False,False,False,158671741,0.0,0.0,0.0,0.0,0.0,0.0,0.0,0.0,0.0,40842000,0,1634342000,955175000,300047000,80535000,56418000,0,2359029000,1634342000,585166000,300047000,118964000,0,3170995000,2359029000,1143183000,585166000,344577000,0,3959276000,3170995000,1184307000,1143183000,0,0,0,0,0,0
5051000738,"АО ""МЕТЕОР ЛИФТ ЩЕРБИНКА""",95,368,True,False,False,False,False,False,0,0.0,0.0,0.0,0.0,0.0,0.0,0.0,0.0,0.0,65582000,0,987232000,937702000,21096000,49517000,85063000,0,632425000,987232000,9639000,21096000,70272000,0,975629000,632425000,-2184000,9639000,54662000,0,1072899000,975629000,-29642000,-2184000,0,0,0,0,0,0
5261112893,"ООО ""ФЕНИКС""",105,519,True,False,False,False,False,False,0,0.0,0.0,0.0,0.0,0.0,0.0,0.0,0.0,0.0,43000,0,123448000,474384000,2649000,20584000,0,0,204660000,123448000,8043000,2649000,0,0,435900000,204660000,20754000,8043000,0,0,749128000,435900000,17782000,20754000,0,0,0,0,0,0
5902019104,"ООО ""УРАЛТЕХСЕРВИС""",125,638,True,False,False,False,False,False,27402322,0.0,0.0,0.0,0.0,0.0,0.0,0.0,0.0,0.0,86383000,0,462116000,388367000,20172000,17991000,52525000,0,422237000,462116000,17525000,20172000,24250000,0,492696000,422237000,5840000,17525000,17350000,0,632058000,492696000,-3735000,5840000,0,0,0,0,0,0
8604054003,"ООО ""ДВЕРИ ДУЭТ""",196,760,True,False,False,False,False,False,0,0.0,0.0,0.0,0.0,0.0,0.0,0.0,0.0,0.0,0,0,149620000,127801000,0,0,0,0,131948000,149620000,0,0,0,0,126939000,131948000,0,0,0,0,106537000,126939000,0,0,0,0,0,0,0,0
5404087260,"ООО ""АМБЕР""",112,663,True,False,False,False,False,False,0,0.0,0.0,0.0,0.0,0.0,0.0,185995.08,4459896.96,4459896.96,0,0,646085000,695907000,0,0,0,0,973842000,646085000,0,0,0,0,635525000,973842000,0,0,0,0,0,0,0,0,0,0,0,0,0,0
6732002021,"ООО ""ОПТ-ЭКСПРЕСС""",170,518,False,False,False,False,False,True,0,0.0,0.0,0.0,0.0,0.0,0.0,0.0,0.0,0.0,0,0,185901000,154646000,0,0,0,0,226009000,185901000,0,0,0,0,193768000,226009000,0,0,0,0,0,193768000,0,0,0,0,0,0,0,0
7719409003,"ООО ""ПОЛИМЕРЫ И ПРОФИЛИ""",99,661,True,False,False,False,False,False,0,0.0,0.0,0.0,0.0,0.0,0.0,0.0,0.0,0.0,5418000,0,1921416000,1447332000,316641000,118197000,3709000,0,1462657000,1921416000,102517000,316641000,1466000,0,1449744000,1462657000,55345000,102517000,1095000,0,1504229000,1449744000,31643000,55345000,0,0,0,0,0,0
5506205185,"ООО ""РУССКИЙ ДЕСЕРТ""",115,51,True,False,False,False,False,False,0,0.0,0.0,0.0,0.0,0.0,0.0,0.0,0.0,0.0,7719000,0,380077000,320246000,3840000,12883000,14144000,0,597223000,380077000,27509000,3840000,16531000,0,634423000,597223000,91452000,27509000,36718000,0,885019000,634423000,83737000,91452000,0,0,0,0,0,0
7726426169,"ООО ""МИР ВЕНДИНГА РУС""",35,762,True,False,False,False,False,False,0,0.0,0.0,0.0,0.0,0.0,0.0,0.0,0.0,0.0,52763000,0,493552000,125005000,36463000,22368000,77116000,0,658648000,493552000,37364000,36463000,177640000,0,1096534000,658648000,57755000,37364000,298961000,0,1896748000,1096534000,78094000,57755000,0,0,0,0,0,0
5503152552,"ООО ""ПАРТНЕР""",96,661,True,False,False,False,False,False,0,0.0,0.0,0.0,0.0,0.0,0.0,0.0,538500.0,538500.0,0,0,255218000,347115000,10353000,9091000,0,0,528756000,255218000,15649000,10353000,0,0,281056000,528756000,13181000,15649000,0,0,75402000,281056000,7598000,13181000,0,0,0,0,0,0
5406789441,"ООО ""МЕТАЛЛ ПРЕСТИЖ""",110,248,True,False,False,False,False,False,3020000,0.0,0.0,0.0,0.0,0.0,0.0,0.0,0.0,0.0,24771000,0,1709921000,1377316000,73238000,47448000,14953000,0,1724213000,1709921000,79776000,73238000,28913000,0,1891852000,1724213000,29990000,79776000,34855000,0,2952278000,1891852000,225720000,29990000,0,0,0,0,0,0
7704339787,"ООО ""ТЕХНОФОРМ БАУТЕК РУС""",35,644,False,False,False,False,False,True,0,0.0,0.0,0.0,0.0,0.0,0.0,0.0,0.0,0.0,63000,0,498575000,524513000,37560000,52465000,8193000,0,241132000,498575000,-9327000,37560000,8753000,0,487000,241132000,-7458000,-9327000,0,0,0,487000,-6475000,-7458000,0,0,0,0,0,0
7718187446,"ООО ""ФАКРО-Р""",35,124,True,False,False,False,False,False,0,0.0,0.0,0.0,0.0,0.0,0.0,0.0,0.0,0.0,27013000,0,1157426000,901422000,90126000,60533000,42922000,0,1271593000,1157426000,317475000,90126000,67734000,0,1572643000,1271593000,335977000,317475000,79725000,0,1601655000,1572643000,170210000,335977000,0,0,0,0,0,0
7802595073,"ООО ""РЕЦИЯ""",36,458,True,False,False,False,False,False,0,0.0,0.0,0.0,0.0,0.0,0.0,0.0,0.0,0.0,0,0,184171000,134231000,0,0,0,0,226961000,184171000,0,0,0,0,285042000,226961000,0,0,0,0,261536000,285042000,0,0,0,0,0,0,0,0
7842171810,"ООО ""НЕВАТРЕЙДАВТО""",36,447,False,True,False,False,False,False,0,0.0,0.0,0.0,0.0,0.0,0.0,0.0,0.0,0.0,0,0,41201000,145582000,0,0,0,0,61336000,41201000,0,0,0,0,59756000,61336000,0,0,0,0,0,0,0,0,0,0,0,0,0,0
4703069885,"ООО ""ЗАВОД НЕВСКИЙ ЛАМИНАТ""",85,120,False,False,False,False,True,False,0,0.0,0.0,0.0,0.0,0.0,0.0,0.0,0.0,0.0,99783000,0,3277632000,1948187000,686866000,239043000,267727000,0,2469140000,3277632000,209898000,686867000,347045000,0,2167287000,2469140000,45895000,209898000,525547000,0,3236805000,2167287000,114182000,45895000,0,0,0,0,0,0
1658070633,"ООО  ""ГИД МОДЕРН""",177,602,True,False,False,False,False,False,17103111,0.0,0.0,0.0,0.0,0.0,0.0,0.0,0.0,0.0,915000,0,207457000,202134000,31382000,30874000,421000,0,91722000,207457000,2097000,31382000,0,0,111417000,91722000,0,0,0,0,152435000,111417000,0,0,0,0,0,0,0,0
7721471802,"ООО ""ТЕХИНТЕГРА""",96,651,True,False,False,False,False,False,2850111,0.0,0.0,0.0,0.0,0.0,0.0,0.0,0.0,0.0,50000,0,157659000,124041000,1860000,17799000,17000,0,181686000,157659000,3352000,1860000,42000,0,220354000,181686000,15002000,3352000,7063000,0,188574000,220354000,7199000,15002000,0,0,0,0,0,0
7451442766,"ООО ""КОМПЛЕКСНЫЙ ПОСТАВЩИК""",197,528,True,False,False,False,False,False,0,0.0,0.0,0.0,0.0,0.0,0.0,0.0,0.0,0.0,0,0,475239000,347923000,0,0,0,0,499845000,475239000,0,0,0,0,55356000,499845000,0,0,0,0,0,55356000,0,0,0,0,0,0,0,0
7715744040,"ООО ""РЕГИОН-КОМПЛЕКТ""",96,567,True,False,False,False,False,False,2409194,0.0,0.0,0.0,0.0,0.0,0.0,0.0,0.0,0.0,0,0,213858000,170586000,30000,192000,0,0,259541000,213858000,6913000,30000,0,0,391822000,259541000,15469000,6913000,0,0,304217000,391822000,7599000,15469000,0,0,0,0,0,0
6670311122,"ООО ""АЭРО ЭКСПРЕСС ЛОГИСТИКС""",164,459,True,False,False,False,False,False,0,0.0,0.0,0.0,0.0,0.0,0.0,0.0,0.0,0.0,88000,0,280795000,276146000,11582000,5365000,88000,0,156294000,280795000,-15946000,11582000,0,0,489356000,156294000,6680000,-15946000,0,0,1006427000,156294000,-53125000,-15946000,0,0,0,0,0,0
5404144783,"ООО ""НПП ТРИАДА-ТВ""",111,302,True,False,False,False,False,False,717401550,0.0,0.0,0.0,0.0,0.0,0.0,0.0,10000.0,0.0,96005000,0,868494000,679413000,376166000,225291000,117492000,0,731048000,868494000,256014000,376166000,196952000,0,2777691000,731048000,1660691000,256014000,338023000,0,3221981000,2777691000,1740035000,1660691000,0,0,0,0,0,0
3328014345,"ООО ""СИТИ-ОЙЛ""",25,690,True,False,False,False,False,False,171984671,0.0,0.0,0.0,0.0,0.0,0.0,0.0,0.0,0.0,78347000,0,1907440000,1557092000,25143000,60413000,70597000,0,1925472000,1907440000,184119000,25143000,62784000,0,2298205000,1925472000,157010000,184119000,214700000,0,2646635000,2298205000,138580000,157010000,0,0,0,0,0,0
7714868476,"ООО ""СЭЛВИМ""",35,177,True,False,False,False,False,False,0,0.0,0.0,0.0,0.0,0.0,0.0,0.0,0.0,0.0,150294000,0,1300027000,1080683000,582981000,531130000,318861000,0,1004047000,1300027000,316395000,582981000,348068000,0,1506261000,1004047000,514314000,316395000,404729000,0,1598266000,1506261000,358272000,514314000,0,0,0,0,0,0
5003116500,"ООО ""ПТК ""РАНПЛЕР""",98,642,True,False,False,False,False,False,0,0.0,0.0,0.0,0.0,0.0,0.0,0.0,0.0,0.0,2278000,0,118167000,276143000,8610000,2408000,4967000,0,150544000,118167000,18534000,8610000,4555000,0,152440000,150544000,-17898000,18534000,4022000,0,619393000,152440000,54751000,-17898000,0,0,0,0,0,0
7704371533,"ООО ""ТД ЯНТАРЬЭК""",35,614,False,False,True,False,False,False,163534510,0.0,0.0,0.0,0.0,0.0,0.0,3763742.38,3760048.9,3760048.9,235000,0,141136000,433002000,27578000,3587000,22000,0,263234000,141136000,25275000,27578000,0,0,93507000,263234000,8853000,25275000,0,0,15422000,93507000,0,0,0,0,0,0,0,0
1003010055,"ООО ""КЛЭЗ-АСТАР""",135,116,True,False,False,False,False,False,0,0.0,0.0,0.0,0.0,0.0,0.0,0.0,0.0,0.0,207477000,0,680231000,784824000,232969000,166584000,210285000,0,647210000,680231000,104697000,232969000,193466000,0,582216000,647210000,-20234000,104697000,164902000,0,659056000,582216000,-11086000,-20234000,0,0,0,0,0,0
5507122083,"ООО ""ФОРТУНА""",115,524,True,False,False,False,False,False,0,0.0,0.0,0.0,0.0,0.0,0.0,0.0,0.0,0.0,0,0,224322000,221679000,2045000,2680000,0,0,225277000,224322000,1066000,2045000,0,0,259986000,225277000,1286000,1066000,10300000,0,282599000,259986000,998000,1286000,0,0,0,0,0,0
6324078738,"ООО ""ФИТНЕС ФУД""",150,62,True,False,False,False,False,False,0,0.0,0.0,0.0,0.0,0.0,0.0,0.0,0.0,0.0,1203081000,0,3388760000,1807804000,934390000,496227000,1744980000,0,4893625000,3388760000,1373275000,934390000,3249622000,0,8833466000,4893625000,2958085000,1373275000,5654168000,0,16669689000,8833466000,4800921000,2958085000,0,0,0,0,0,0
6679072133,"ООО ""ПОЛИМЕДСЕРВИС""",164,577,True,False,False,False,False,False,541170819,0.0,0.0,0.0,0.0,0.0,0.0,0.0,0.0,0.0,3524000,0,146681000,124492000,36114000,27025000,5368000,0,135956000,146681000,28131000,36114000,5668000,0,107654000,135956000,13699000,28131000,7065000,0,115713000,107654000,15542000,13699000,0,0,0,0,0,0
7451442188,"ООО ""АСТ-ЮГ""",197,260,True,False,False,False,False,False,0,0.0,0.0,0.0,0.0,0.0,0.0,0.0,0.0,0.0,0,0,142749000,160044000,0,0,0,0,119602000,142749000,0,0,0,0,127051000,118761000,0,0,0,0,160918000,127051000,0,0,0,0,0,0,0,0
6142026478,"ООО ""АЛ5-ЮГ""",145,251,False,False,False,False,True,False,0,0.0,0.0,0.0,0.0,0.0,0.0,0.0,0.0,0.0,749222000,0,2341482000,1315190000,136531000,95255000,1305322000,0,2233030000,2341482000,149712000,136531000,1462278000,0,3506806000,2233030000,274633000,149712000,978423000,0,4988060000,3506806000,521866000,274633000,0,0,0,0,0,0
6140031810,"ООО ""БНК""",144,350,True,False,False,False,False,False,66519532,0.0,0.0,0.0,0.0,0.0,0.0,0.0,0.0,0.0,17424000,0,458578000,344359000,13171000,26807000,56863000,0,432572000,458578000,31792000,15886000,197217000,0,538071000,432572000,57958000,31792000,169717000,0,2251385000,538071000,403637000,57958000,0,0,0,0,0,0
6125025548,"ООО "" МЕТИЗ-Н """,144,280,True,False,False,False,False,False,0,0.0,0.0,0.0,0.0,0.0,0.0,6660.0,0.0,0.0,0,0,158158000,125540000,0,0,0,0,174820000,158158000,0,0,0,0,184809000,174820000,0,0,0,0,211840000,184809000,0,0,0,0,0,0,0,0
3808059716,"ООО ТД ""БЭМ""; ООО ТД ""БЕНЗОЭЛЕКТРОМАСТЕР""; ООО ТОРГОВЫЙ ДОМ ""БЕНЗОЭЛЕКТРОМАСТЕР""",48,661,True,False,False,False,False,False,53815309,0.0,0.0,0.0,0.0,0.0,0.0,0.0,1920080.0,1920080.0,5089000,0,269888000,152183000,14033000,925000,15259000,0,220846000,269888000,18677000,13382000,15475000,0,292826000,220846000,5248000,18677000,11118000,0,312314000,292826000,5006000,4695000,0,0,0,0,0,0
7816551171,"ООО ""СКС ""ЭНЕРГО СЕРВИС""",36,634,True,False,False,False,False,False,0,0.0,0.0,0.0,0.0,0.0,0.0,0.0,0.0,0.0,0,0,178608000,184912000,6413000,1950000,0,0,182475000,178608000,7650000,6413000,4782000,0,144609000,167191000,7275000,7192000,4284000,0,209256000,144609000,9423000,7275000,0,0,0,0,0,0
2537107055,"ООО ""АЗИАН ПАРТС""",126,584,False,True,False,False,False,False,0,0.0,0.0,0.0,0.0,0.0,0.0,0.0,0.0,0.0,0,0,133196000,121826000,0,0,0,0,79173000,133196000,0,0,0,0,73945000,79173000,0,0,0,0,0,0,0,0,0,0,0,0,0,0
5003100228,"ООО ""АБТ ГРУПП""",96,570,True,False,False,False,False,False,0,0.0,0.0,0.0,0.0,0.0,0.0,0.0,0.0,0.0,17000,0,476697000,463614000,84612000,145117000,27000,0,461155000,476697000,60869000,84612000,103000,0,504814000,461155000,25089000,60869000,237000,0,473445000,504814000,7929000,25089000,0,0,0,0,0,0
7743619026,"ООО ""АКВАТЕХНИКА""",35,720,True,False,False,False,False,False,0,0.0,0.0,0.0,0.0,0.0,0.0,0.0,0.0,0.0,4541000,0,1250429000,272309000,133710000,19092000,4225000,0,407856000,1250429000,49813000,133710000,3375000,0,159362000,407856000,-6078000,49813000,2026000,0,105799000,159362000,-5412000,-6078000,0,0,0,0,0,0
3664114392,"ООО ""РК ТРЕЙД""",33,510,True,False,False,False,False,False,0,0.0,0.0,0.0,0.0,0.0,0.0,0.0,0.0,0.0,0,0,136005000,329963000,0,0,0,0,163801000,136005000,0,0,0,0,128820000,163801000,0,0,0,0,235986000,128820000,0,0,0,0,0,0,0,0
1659195120,"ООО ""КЕЙТ-ПРО""",142,48,True,False,False,False,False,False,0,0.0,0.0,0.0,0.0,0.0,0.0,4880492.18,0.0,0.0,0,0,543308000,377082000,19500000,12168000,0,0,509479000,543308000,8963000,19500000,149563000,0,485391000,509479000,40073000,8963000,784464000,0,713465000,485391000,60785000,40073000,0,0,0,0,0,0
3245513118,"ООО ""ДИЭМАЙ РУС""",20,584,True,False,False,False,False,False,0,0.0,0.0,0.0,0.0,0.0,0.0,0.0,0.0,0.0,94614000,0,2060960000,1854809000,66472000,44488000,86448000,0,2745331000,2060960000,171775000,66472000,28328000,0,3012116000,2745331000,117941000,171775000,51083000,0,3432417000,3012116000,79637000,117941000,0,0,0,0,0,0
2901175120,"ООО ""ХИМБАЗА""",9,478,True,False,False,False,False,False,363266942,0.0,0.0,0.0,0.0,0.0,0.0,0.0,0.0,0.0,0,0,59076000,134861000,0,0,0,0,44933000,59076000,0,0,0,0,40499000,44933000,0,0,0,0,23851000,40499000,0,0,0,0,0,0,0,0
5638067950,"ООО ""СТРОГОНОВ""",118,6,True,False,False,False,False,False,14461420,0.0,0.0,0.0,0.0,0.0,0.0,0.0,0.0,0.0,25132000,0,778634000,666731000,10937000,13544000,33987000,0,704780000,778634000,11829000,10937000,102330000,0,1084116000,704780000,14295000,11829000,185251000,0,1297283000,1084116000,37621000,14295000,0,0,0,0,0,0
7727325766,"ООО ""ДОСТАВКА МОРЕМ АГРО""",96,508,True,False,False,False,False,False,0,0.0,0.0,0.0,0.0,0.0,0.0,0.0,0.0,0.0,10172000,0,7803723000,4532496000,217961000,345823000,58630000,0,9649799000,7803723000,125445000,217961000,138724000,0,18491431000,9649799000,1325001000,125445000,192958000,0,23414293000,18491431000,1045075000,1325001000,0,0,0,0,0,0
7901540149,"ООО ""ХЛ БИРОБИДЖАН""",41,536,True,False,False,False,False,False,0,0.0,0.0,0.0,0.0,0.0,0.0,0.0,0.0,0.0,3781000,0,351592000,323317000,14782000,19712000,1691000,0,411226000,351592000,21537000,14782000,743000,0,405842000,411226000,18854000,21537000,0,0,398971000,405842000,16776000,18854000,0,0,0,0,0,0
7703383462,"ООО ""26 ЭЛЕМЕНТ""",95,756,True,False,False,False,False,False,0,0.0,0.0,0.0,0.0,0.0,0.0,0.0,0.0,0.0,0,0,134190000,130865000,0,0,0,0,138801000,134190000,0,0,0,0,164250000,138801000,0,0,0,0,282223000,164250000,0,0,0,0,0,0,0,0
7804488292,"ООО ""ПАРТНЕР""",153,260,False,False,True,False,False,False,3489436,0.0,0.0,0.0,0.0,0.0,0.0,428773723.24,35374.0,25374.0,11189000,0,775509000,515346000,64995000,26869000,19274000,0,1892252000,775509000,136733000,64995000,48058000,0,291321000,1892252000,-167233000,136733000,46522000,0,1363000,291321000,-7401000,-167233000,0,0,0,0,0,0
7415021346,"ООО ПКФ ""ЭЛВИН""",199,349,True,False,False,False,False,False,24740,0.0,0.0,0.0,0.0,0.0,0.0,0.0,0.0,0.0,30896000,0,171665000,143801000,4653000,4583000,32286000,0,158736000,171665000,4598000,4653000,40870000,0,156727000,158736000,4117000,4598000,39315000,0,163678000,156727000,-1923000,4117000,0,0,0,0,0,0
6658460520,"ООО ""АТЛАНТ-ЕКБ""",164,544,False,True,False,False,False,False,0,0.0,0.0,0.0,0.0,0.0,0.0,0.0,0.0,0.0,0,0,1116425000,945092000,60008000,41982000,100000,0,1025841000,1116425000,45970000,60008000,145000,0,1069302000,1025841000,36271000,45970000,0,0,0,0,0,0,0,0,0,0,0,0
1658135344,"ООО ""АСК-РЕНТГЕН-ИДЕЛЬ""",142,660,True,False,False,False,False,False,5928070,0.0,0.0,0.0,0.0,0.0,0.0,0.0,0.0,0.0,0,0,190818000,125818000,0,0,0,0,414075000,190818000,0,0,0,0,562887000,414075000,0,0,0,0,446754000,562887000,0,0,0,0,0,0,0,0
9715306480,"ООО ""МК ПРОМСТРОЙМЕТАЛЛ ТРЕЙД""",35,632,True,False,False,False,False,False,0,0.0,0.0,0.0,0.0,0.0,0.0,0.0,0.0,0.0,162730000,0,8368091000,6073480000,762426000,351069000,306222000,0,8686476000,8368091000,513687000,762426000,387696000,0,9845152000,8686476000,432547000,513687000,344230000,0,6715278000,9845152000,275972000,432547000,0,0,0,0,0,0
6163214225,"ООО ""ГОХЛЕ""",143,647,True,False,False,False,False,False,0,0.0,0.0,0.0,0.0,0.0,0.0,64941.42,834955.28,778974.4,0,0,83513000,141248000,0,0,0,0,66651000,83512000,0,0,0,0,57198000,66651000,0,0,0,0,1064000,57198000,0,0,0,0,0,0,0,0
7726354429,"ООО ""ТАНДЕМ""",99,260,True,False,False,False,False,False,0,0.0,0.0,0.0,0.0,0.0,0.0,0.0,0.0,0.0,0,0,379745000,241456000,0,0,0,0,218307000,379765000,0,0,0,0,56790000,218307000,0,0,0,0,39798000,56790000,0,0,0,0,0,0,0,0
7705144660,"ООО ""ФАРМСОЦСЕРВИС""",96,575,True,False,False,False,False,False,289850907,0.0,0.0,0.0,0.0,0.0,0.0,0.0,0.0,0.0,0,0,298379000,340351000,0,0,0,0,206637000,298379000,0,0,0,0,289128000,206637000,0,0,0,0,682592000,289128000,0,0,0,0,0,0,0,0
7729690838,"ООО ""СТРОЙ-ПРОФИ""",96,752,True,False,False,False,False,False,110600,0.0,0.0,0.0,0.0,0.0,0.0,0.0,0.0,0.0,9729000,0,224328000,147127000,9586000,2071000,7004000,0,368669000,224328000,19632000,9586000,1500000,0,488994000,368669000,33176000,19632000,1139000,0,559459000,488994000,26118000,33176000,0,0,0,0,0,0
2725022855,"ООО ""БАЛТИМОР-АМУР""",193,25,True,False,False,False,False,False,0,0.0,0.0,0.0,0.0,0.0,0.0,2139854.52,0.0,0.0,24859000,0,147572000,139573000,4823000,7711000,24777000,0,172617000,147572000,10853000,4823000,23921000,0,189851000,172617000,10091000,10853000,21753000,0,206662000,189851000,16138000,10091000,0,0,0,0,0,0
7729748125,"ООО ТД ""ДАН ТРЕЙД""",96,661,True,False,False,False,False,False,0,0.0,0.0,0.0,0.0,0.0,0.0,0.0,0.0,0.0,584000,0,1010517000,857404000,37382000,33441000,470000,0,910950000,1010517000,16472000,37382000,476000,0,1213697000,910950000,48876000,16472000,13918000,0,1412709000,1213697000,47837000,48876000,0,0,0,0,0,0
7703665280,"ООО ""ФФГ РУС""",96,608,False,True,False,False,False,False,109830626,0.0,0.0,0.0,0.0,0.0,0.0,0.0,0.0,0.0,15030000,0,634618000,669995000,-23381000,15766000,33783000,0,28928000,634618000,-44960000,-23381000,48973000,0,26086000,28928000,-37839000,-44960000,47012000,0,13405000,26086000,-5608000,-37839000,0,0,0,0,0,0
4205003200,"ООО ""СИБПРОМ""",62,626,True,False,False,False,False,False,0,0.0,0.0,0.0,0.0,0.0,0.0,0.0,0.0,0.0,25398000,0,769629000,182574000,32180000,4133000,35104000,0,828912000,769629000,72570000,32180000,30329000,0,1487932000,828912000,106141000,72570000,19046000,0,461984000,1487932000,4557000,106141000,0,0,0,0,0,0
5249107512,"ООО ""ПРЕМИО""",106,447,True,False,False,False,False,False,6294263,0.0,0.0,0.0,0.0,0.0,0.0,0.0,0.0,0.0,17199000,0,411360000,286393000,354000,-1428000,18014000,0,191969000,411360000,-332000,354000,15438000,0,734723000,191969000,19505000,-332000,13002000,0,1698527000,734723000,90377000,19505000,0,0,0,0,0,0
7827008320,"ООО ""МЗ ""СЕВЕРНЫЙ МЕТАЛЛОЦЕНТР""",36,270,True,False,False,False,False,False,20043303,0.0,0.0,0.0,0.0,0.0,0.0,0.0,0.0,0.0,99000000,0,505135000,429414000,143846000,77488000,130103000,0,631861000,505135000,200927000,143846000,163408000,0,778396000,631861000,281563000,200927000,99308000,0,779738000,778396000,175922000,281563000,0,0,0,0,0,0
7727393519,"ООО ""ТД АГРОРЕСУРС""",35,661,False,True,False,False,False,False,677824,0.0,0.0,0.0,0.0,0.0,0.0,0.0,0.0,0.0,0,0,0,446081000,0,0,0,0,0,0,0,0,0,0,253251000,0,0,0,0,0,0,0,0,0,0,0,0,0,0,0
7105020600,"АО ""ФАРТУЛА""",185,731,True,False,False,False,False,False,0,0.0,0.0,0.0,0.0,0.0,0.0,0.0,0.0,0.0,46916000,0,468476000,518457000,41187000,59452000,56160000,0,472419000,468476000,41354000,41187000,140461000,0,398505000,472419000,21130000,41354000,39322000,0,505076000,398505000,34238000,21130000,0,0,0,0,0,0
2308241919,"ООО ""АПРЕЛЬ БРЯНСК""",73,731,True,False,False,False,False,False,0,0.0,0.0,0.0,0.0,0.0,0.0,0.0,0.0,0.0,47778000,0,1626159000,834463000,-48222000,-15327000,821559000,0,2886111000,1626159000,-142357000,-48222000,1074785000,0,3781229000,2886111000,-158442000,-142357000,1542771000,0,4978780000,3781229000,-187862000,-158442000,0,0,0,0,0,0
5405963778,"ООО ТД ""ТОР""",112,661,True,False,False,False,False,False,1442650,0.0,0.0,0.0,0.0,0.0,0.0,0.0,0.0,0.0,4253000,0,3172099000,2201899000,77292000,29445000,4694000,0,3627103000,3172099000,290871000,77292000,9746000,0,4709167000,3627103000,220092000,290871000,520598000,0,5247416000,4709167000,627300000,220092000,0,0,0,0,0,0
4024015878,"ООО ТСК ""ЯГУАР""",54,638,False,False,True,False,False,False,12091539,0.0,0.0,0.0,0.0,0.0,0.0,42217.82,55426.41,0.0,280812000,0,462762000,233195000,-19084000,20853000,150391000,0,355664000,462762000,-21506000,-19084000,78983000,0,272672000,355664000,-61546000,-21506000,10696000,0,42966000,272672000,-3490000,-61546000,0,0,0,0,0,0
2724207902,"ООО ""КИПАРИС""",193,510,True,False,False,False,False,False,0,0.0,0.0,0.0,0.0,0.0,0.0,0.0,0.0,0.0,908000,0,130509000,137161000,702000,549000,0,0,0,0,0,0,0,0,198272000,224724000,1299000,756000,0,0,234042000,198272000,1275000,1299000,0,0,0,0,0,0
5403052610,"ООО КОМПАНИЯ ""ХБ-ОПТ""",111,661,True,False,False,False,False,False,2295089,0.0,0.0,0.0,0.0,0.0,0.0,0.0,0.0,0.0,0,0,317633000,250375000,0,0,0,0,352619000,317633000,0,0,0,0,422845000,352619000,0,0,0,0,496156000,422845000,0,0,0,0,0,0,0,0
5904210667,"ООО ""ДЕМИДЫЧ""",125,447,True,False,False,False,False,False,6844000,0.0,0.0,0.0,0.0,0.0,0.0,3487909.97,616400.0,616400.0,96385000,0,2812459000,1719212000,37408000,-16607000,227495000,0,3079364000,2812459000,63973000,37408000,261259000,0,9377994000,3079364000,112877000,63973000,273135000,0,11211731000,9377994000,174383000,112877000,0,0,0,0,0,0
4633010405,"АО ""ГОТЭК-ПРИНТ""",81,135,True,False,False,False,False,False,7951268,0.0,0.0,0.0,0.0,0.0,0.0,0.0,0.0,0.0,182515000,0,1887397000,1500840000,59331000,19550000,380699000,0,1833435000,1887397000,-7788000,59331000,390240000,0,2099848000,1833435000,-59695000,-7788000,389547000,0,2022708000,2099848000,-84474000,-59695000,0,0,0,0,0,0
3665807738,"ООО ""ТЕКСТИЛЬНЫЙ МИР""",34,558,True,False,False,False,False,False,539748,0.0,0.0,0.0,0.0,0.0,0.0,0.0,0.0,0.0,0,0,154754000,122312000,13156000,20491000,0,0,166300000,154754000,19726000,14210000,0,0,132826000,166300000,0,0,0,0,138623000,132826000,0,0,0,0,0,0,0,0
1435332081,"ООО ""ОРТОМЕД+""",140,436,True,False,False,False,False,False,829209966,0.0,0.0,0.0,0.0,0.0,0.0,279909.48,0.0,0.0,16130000,0,197587000,141196000,74250000,31728000,41597000,0,153619000,197587000,28631000,74250000,42413000,0,203326000,153619000,40537000,28631000,39306000,0,215824000,203326000,43599000,40537000,0,0,0,0,0,0
2334018297,"ООО "" КОНСЕРВНОЕ ПРЕДПРИЯТИЕ РУССКОЕ ПОЛЕ - АЛБАШИ """,73,25,True,False,False,False,False,False,1623670,0.0,0.0,0.0,0.0,0.0,0.0,0.0,0.0,0.0,659893000,0,3568216000,2342377000,138023000,107943000,600971000,0,4348058000,3568216000,569126000,138023000,532936000,0,3895398000,4348058000,287867000,569126000,662522000,0,3716210000,3895398000,261924000,287867000,0,0,0,0,0,0
3665091660,"ООО ""ВЗС""",34,380,True,False,False,False,False,False,770300,0.0,0.0,0.0,0.0,0.0,0.0,0.0,0.0,0.0,130843000,0,385094000,348170000,95398000,81186000,121292000,0,405830000,385094000,90709000,95398000,113929000,0,352291000,405830000,45958000,90709000,104298000,0,290327000,352291000,3708000,45958000,0,0,0,0,0,0
7721753860,"ООО ""НОВАТЭК""",96,661,True,False,False,False,False,False,0,0.0,0.0,0.0,0.0,0.0,0.0,0.0,0.0,0.0,0,0,576514000,510472000,0,0,0,0,199392000,576514000,0,0,0,0,538541000,199392000,0,0,0,0,0,0,0,0,0,0,0,0,0,0
7724365714,"ООО ""ДЕШЕВАЯ МЕБЕЛЬ""",96,711,True,False,False,False,False,False,0,0.0,0.0,0.0,0.0,0.0,0.0,982260.21,378014.95,353285.0,0,0,134316000,121997000,0,0,0,0,131467000,134316000,0,0,0,0,125930000,131467000,0,0,0,0,44837000,125930000,0,0,0,0,0,0,0,0
7806299220,"ООО ""КАО""",36,458,True,False,False,False,False,False,0,0.0,0.0,0.0,0.0,0.0,0.0,0.0,0.0,0.0,0,0,230519000,153976000,0,0,0,0,352432000,230519000,0,0,0,0,337867000,352507000,0,0,0,0,336168000,337867000,0,0,0,0,0,0,0,0
7743168447,"ООО СП ""ДАЙМ""",35,201,True,False,False,False,False,False,147875,0.0,0.0,0.0,0.0,0.0,0.0,0.0,0.0,0.0,5054000,0,259227000,192106000,4360000,3880000,25743000,0,292042000,259227000,5180000,4360000,22047000,0,338996000,292042000,5125000,5180000,25127000,0,384492000,338996000,6606000,5125000,0,0,0,0,0,0
6166100145,"ООО ""ДСК""",145,638,True,False,False,False,False,False,0,0.0,0.0,0.0,0.0,0.0,0.0,0.0,0.0,0.0,916000,0,340676000,324130000,14113000,9834000,577000,0,316842000,340676000,10561000,14113000,264000,0,303901000,316842000,2735000,10526000,37000,0,482162000,303901000,524000,2735000,0,0,0,0,0,0
5402532406,"ООО ""НОВАЯ СЕТЬ АПТЕК""",111,731,False,True,False,False,False,False,0,0.0,0.0,0.0,0.0,0.0,0.0,0.0,0.0,0.0,0,0,197882000,241850000,0,0,0,0,215007000,197882000,0,0,0,0,185092000,215007000,0,0,0,0,0,0,0,0,0,0,0,0,0,0
7722483617,"ООО ""КОНСОЛЬ ТРЕЙД""",96,647,True,False,False,False,False,False,0,0.0,0.0,0.0,0.0,0.0,0.0,0.0,10500.0,500.0,16039000,0,1137526000,801598000,45393000,46427000,17209000,0,1262544000,1137526000,132681000,45393000,22614000,0,2915241000,1262544000,348660000,130943000,26945000,0,1345379000,2915241000,189834000,313037000,0,0,0,0,0,0
6381008751,"ООО ""ЗАГОТОВИТЕЛЬ""",151,468,True,False,False,False,False,False,0,0.0,0.0,0.0,0.0,0.0,0.0,0.0,0.0,0.0,11053000,0,127661000,134525000,-1987000,404000,11565000,0,125408000,127661000,-4348000,-1987000,14579000,0,88613000,125408000,-7177000,-4348000,12717000,0,79567000,88613000,-4224000,-7177000,0,0,0,0,0,0
7716909664,"ООО ""АВТО ПОСТАВКА""",96,449,True,False,False,False,False,False,5845636707,0.0,0.0,0.0,0.0,0.0,0.0,2750099.75,0.0,0.0,137000,0,488633000,822558000,3023000,6767000,57690000,0,1988129000,488633000,5959000,3023000,57626000,0,1910007000,1988129000,-124329000,5959000,467431000,0,1491813000,1910007000,14714000,-124329000,0,0,0,0,0,0
6829106850,"ООО ""ТК ""СТРОЙИНВЕСТ""",175,638,True,False,False,False,False,False,0,0.0,0.0,0.0,0.0,0.0,0.0,0.0,0.0,0.0,0,0,227688000,187086000,0,0,0,0,242351000,227688000,0,0,0,0,210748000,242351000,0,0,0,0,251438000,210748000,0,0,0,0,0,0,0,0
3664207329,"ООО ""СЛАВЯНЕ""",34,77,True,False,False,False,False,False,0,0.0,0.0,0.0,0.0,0.0,0.0,0.0,0.0,0.0,168488000,0,173211000,166148000,1595000,1401000,157317000,0,230013000,173211000,12770000,1595000,191074000,0,298625000,230013000,24286000,12770000,218354000,0,419644000,298625000,76776000,24286000,0,0,0,0,0,0
7841488149,"ООО ""ОРИОН""",36,655,True,False,False,False,False,False,0,0.0,0.0,0.0,0.0,0.0,0.0,0.0,0.0,0.0,0,0,219273000,184287000,0,0,0,0,340991000,219273000,0,0,0,0,328476000,340991000,0,0,0,0,301332000,328476000,0,0,0,0,0,0,0,0
3506003682,"ЗАО ""ВОЖЕГА-ЛЕС""",31,2,False,True,False,False,False,False,2695000,0.0,0.0,0.0,0.0,0.0,0.0,0.0,0.0,0.0,429688000,0,1948862000,1294143000,692536000,280295000,1193235000,0,1682242000,1948862000,431036000,692536000,1292180000,0,1655536000,1682242000,259653000,431036000,0,0,0,0,0,0,0,0,0,0,0,0
5262251530,"ООО ""КОМПАНИЯ""АВТОКАРД""",105,475,True,False,False,False,False,False,446292091,0.0,0.0,0.0,0.0,0.0,0.0,0.0,0.0,0.0,500000,0,4593937000,4123643000,784000,3804000,657000,0,5734201000,4593937000,121967000,784000,562000,0,8798232000,5734201000,182984000,121967000,519000,0,10286670000,8798232000,129886000,182984000,0,0,0,0,0,0
7726414773,"ООО ""ТК АГАТМЕД""",96,107,True,False,False,False,False,False,2946861752,0.0,0.0,0.0,0.0,0.0,0.0,0.0,0.0,0.0,28633000,0,893628000,1084313000,-12226000,22468000,50451000,0,474165000,893628000,18765000,-12226000,38473000,0,750676000,474165000,22108000,18765000,1178000,0,292463000,750676000,11199000,22108000,0,0,0,0,0,0
7814494665,"ООО ""НОВАРТИС НЕВА""",152,178,True,False,False,False,False,False,0,0.0,0.0,0.0,0.0,0.0,0.0,0.0,0.0,0.0,4570224000,0,6627481000,3542322000,149840000,-451720000,4638395000,0,8366037000,6627481000,574089000,149840000,4504464000,0,11221725000,8366037000,1003283000,574089000,4308889000,0,10734615000,11221725000,946298000,1003283000,0,0,0,0,0,0
5256060907,"ООО ""ВИТА+""",106,731,False,False,False,False,True,False,0,0.0,0.0,0.0,0.0,0.0,0.0,0.0,0.0,0.0,1985000,0,419404000,449446000,17846000,44407000,2586000,0,478030000,419404000,31138000,17846000,2098000,0,543002000,478030000,35370000,31138000,2712000,0,583685000,543002000,22073000,35370000,0,0,0,0,0,0
7731283967,"ООО ""ДОРСАНД""",96,661,True,False,False,False,False,False,3024491,0.0,0.0,0.0,0.0,0.0,0.0,0.0,0.0,0.0,0,0,249128000,145048000,0,0,0,0,412843000,249128000,0,0,0,0,72647000,412843000,0,0,0,0,6882000,72647000,0,0,0,0,0,0,0,0
5835071762,"ООО ""ПРОТЕЗНО-ОРТОПЕДИЧЕСКИЙ ЦЕНТР""",124,575,True,False,False,False,False,False,1239517561,0.0,0.0,0.0,0.0,0.0,0.0,0.0,0.0,0.0,768000,0,148639000,151730000,21001000,25132000,38000,0,169126000,148639000,38630000,21001000,3000,0,179376000,169126000,40943000,38630000,135000,0,196864000,179376000,35894000,40943000,0,0,0,0,0,0
7451213639,"ООО ""УРАЛСПЕЦСПЛАВ""",199,258,True,False,False,False,False,False,0,0.0,0.0,0.0,0.0,0.0,0.0,0.0,0.0,0.0,10461000,0,360580000,192013000,13886000,6975000,10603000,0,293609000,360580000,24359000,13886000,13083000,0,225943000,293609000,4249000,24359000,0,0,362163000,225943000,0,0,0,0,0,0,0,0
4101163584,"ООО ""24""",57,663,True,False,False,False,False,False,0,0.0,0.0,0.0,0.0,0.0,0.0,0.0,0.0,0.0,0,0,190338000,197709000,10128000,-512000,0,0,168422000,190338000,15427000,10128000,0,0,172703000,168422000,19662000,15427000,0,0,198249000,172703000,21208000,19662000,0,0,0,0,0,0
4401042118,"ООО ""ПРОДХОЛОД""",71,528,True,False,False,False,False,False,0,0.0,0.0,0.0,0.0,0.0,0.0,0.0,0.0,0.0,0,0,669128000,721179000,0,0,0,0,783961000,669128000,0,0,0,0,768459000,783961000,0,0,0,0,1005226000,768459000,0,0,0,0,0,0,0,0
7702341124,"ООО ""ВАЙДМЮЛЛЕР""",96,619,False,False,False,False,False,True,0,0.0,0.0,0.0,0.0,0.0,0.0,0.0,0.0,0.0,41329000,0,1306555000,1297229000,68286000,82007000,42210000,0,411738000,1306555000,-220324000,68286000,1000,0,222000,411738000,-45641000,-220324000,0,0,0,222000,-2556000,-45641000,0,0,0,0,0,0
5027137410,"ООО ""ЭКОСПЕЦСНАБ""",99,102,True,False,False,False,False,False,0,0.0,0.0,0.0,0.0,0.0,0.0,0.0,0.0,0.0,174000,0,89660000,168123000,7137000,20516000,0,0,125259000,89660000,24566000,7137000,87000,0,119497000,125259000,23549000,24566000,4176000,0,149245000,119497000,33122000,23549000,0,0,0,0,0,0
3906197432,"ООО ""МОСКОВСКИЙ ПРОСПЕКТ""",53,644,True,False,False,False,False,False,0,0.0,0.0,0.0,0.0,0.0,0.0,0.0,0.0,0.0,0,0,59000,130991000,0,0,0,0,2245000,59000,0,0,0,0,8550000,2245000,0,0,0,0,19612000,8550000,0,0,0,0,0,0,0,0
4706029802,"ООО ""ЛЕСЭКСПО""",85,116,True,False,False,False,False,False,0,0.0,0.0,0.0,0.0,0.0,0.0,217678.68,0.0,0.0,0,0,158674000,183278000,0,0,0,0,206513000,158674000,0,0,0,0,64645000,206513000,0,0,0,0,461455000,64646000,0,0,0,0,0,0,0,0
6678045433,"ООО ""ВКМ-СТАЛЬ""",164,659,True,False,False,False,False,False,14101209,0.0,0.0,0.0,0.0,0.0,0.0,0.0,0.0,0.0,0,0,171665000,274030000,0,0,0,0,560137000,171665000,0,0,0,0,190872000,560137000,0,0,0,0,99964000,190872000,0,0,0,0,0,0,0,0
5260415687,"ООО ""ГК""ЯРМАРКА""",105,565,True,False,False,False,False,False,0,0.0,0.0,0.0,0.0,0.0,0.0,0.0,0.0,0.0,0,0,143702000,133089000,0,0,0,0,199343000,143702000,0,0,0,0,88684000,199343000,0,0,0,0,20463000,88684000,0,0,0,0,0,0,0,0
4217146370,"ООО ""АПТЕКА ""СВЕТЛОЯР""",62,731,False,False,False,False,True,False,0,0.0,0.0,0.0,0.0,0.0,0.0,0.0,0.0,0.0,1346000,0,180497000,189495000,-1848000,-4923000,38173000,0,185325000,180497000,-3186000,-1848000,28906000,0,214586000,185325000,-3359000,-3186000,20372000,0,229152000,214586000,-2512000,-3359000,0,0,0,0,0,0
6662099200,"ООО ""ТПП ""РОСКОНДИТЕР""",163,538,True,False,False,False,False,False,5172045,0.0,0.0,0.0,0.0,0.0,0.0,0.0,0.0,0.0,1296000,0,593237000,683594000,29230000,26375000,1088000,0,474125000,593237000,31637000,29230000,1630000,0,624285000,474125000,50743000,31637000,1076000,0,836711000,624285000,57732000,50743000,0,0,0,0,0,0
7718248240,"ООО ""УНИВЕЛЛ""",96,619,True,False,False,False,False,False,0,0.0,0.0,0.0,0.0,0.0,0.0,50000.0,0.0,0.0,0,0,146141000,301133000,0,0,0,0,61913000,146141000,0,0,0,0,146014000,61913000,0,0,0,0,82745000,146014000,0,0,0,0,0,0,0,0
7816523978,"ООО ""БАЛТОВОЩ""",36,519,True,False,False,False,False,False,0,0.0,0.0,0.0,0.0,0.0,0.0,0.0,0.0,0.0,0,0,555546000,336303000,2436000,15133000,0,0,464874000,555546000,23125000,2436000,0,0,460212000,464874000,7666000,23125000,0,0,448534000,460212000,5319000,7666000,0,0,0,0,0,0
4707036979,"ООО ""ЕВРОАЭРОБЕТОН""",85,218,True,False,False,False,False,False,0,0.0,0.0,0.0,0.0,0.0,0.0,0.0,0.0,0.0,154425000,0,610451000,479391000,157319000,93181000,195309000,0,719741000,610451000,317033000,157319000,226503000,0,672916000,719741000,199418000,317033000,157776000,0,684663000,672916000,186597000,199418000,0,0,0,0,0,0
5024180739,"ООО ""ДАЛИАН ФАРМА""",97,731,True,False,False,False,False,False,0,0.0,0.0,0.0,0.0,0.0,0.0,0.0,0.0,0.0,0,0,192082000,173734000,0,0,0,0,204385000,192082000,0,0,0,0,134053000,204385000,0,0,0,0,0,134053000,0,0,0,0,0,0,0,0
6829109339,"ООО ""ГЕОФАРМ""",175,731,True,False,False,False,False,False,0,0.0,0.0,0.0,0.0,0.0,0.0,0.0,0.0,0.0,0,0,103090000,144094000,-50000,9368000,0,0,119876000,103090000,3479000,-50000,0,0,134707000,119876000,4631000,3479000,0,0,151972000,134707000,6514000,4631000,0,0,0,0,0,0
7704320120,ООО СУПР,96,619,True,False,False,False,False,False,298659005,0.0,0.0,0.0,0.0,0.0,0.0,0.0,0.0,0.0,6925000,0,1473378000,1212986000,56568000,71308000,14256000,0,941338000,1473378000,71241000,56568000,26346000,0,827959000,941338000,4679000,71241000,33367000,0,875360000,827959000,31890000,4679000,0,0,0,0,0,0
4501008199,"ООО ""ПОЛЛО""",79,576,True,False,False,False,False,False,617123957,0.0,0.0,0.0,0.0,0.0,0.0,0.0,0.0,0.0,10021000,0,175877000,566429000,-24046000,864000,7683000,0,280068000,175877000,30838000,-24046000,4836000,0,510686000,280068000,98480000,30838000,8036000,0,577326000,510686000,77766000,98480000,0,0,0,0,0,0
5410776501,"ООО ""ВАРНИЦА""",171,77,True,False,False,False,False,False,0,0.0,0.0,0.0,0.0,0.0,0.0,0.0,0.0,0.0,565237000,0,1185732000,1126781000,200138000,174862000,532300000,0,1449620000,1185732000,308929000,200138000,477036000,0,1299673000,1449620000,279388000,308929000,443823000,0,1342072000,1299673000,250051000,279388000,0,0,0,0,0,0
6166112694,"ООО ""ЮГ ФАРМА ВОРОНЕЖ""",145,731,False,True,False,False,False,False,0,0.0,0.0,0.0,0.0,0.0,0.0,0.0,0.0,0.0,72000,0,194178000,174404000,5076000,10966000,21930000,0,232208000,194178000,10227000,5076000,18503000,0,254894000,232208000,9680000,10227000,32282000,0,302210000,254894000,19040000,9680000,0,0,0,0,0,0
3426009671,"ООО ""ПОЛИМЕР""",28,152,True,False,False,False,False,False,0,0.0,0.0,0.0,0.0,0.0,0.0,0.0,0.0,0.0,35167000,0,1268770000,690506000,-50063000,7392000,48175000,0,734046000,1268770000,26310000,-50063000,57245000,0,1203180000,734046000,10055000,26310000,63503000,0,1349662000,1203180000,2678000,10055000,0,0,0,0,0,0
5029177306,"ООО ""АТОМ""",97,260,True,False,False,False,False,False,0,0.0,0.0,0.0,0.0,0.0,0.0,0.0,0.0,0.0,0,0,311012000,222066000,0,0,0,0,334217000,311012000,0,0,0,0,244674000,334217000,0,0,0,0,495578000,244674000,0,0,0,0,0,0,0,0
1650254332,"ООО ""ТТС-УКР-ЧЕЛНЫ""",142,454,False,True,False,False,False,False,0,0.0,0.0,0.0,0.0,0.0,0.0,0.0,0.0,0.0,68079000,0,134004000,190042000,29536000,33273000,94623000,0,113844000,134004000,23047000,29536000,111919000,0,111232000,113844000,21787000,23047000,136381000,0,121460000,111232000,24021000,21787000,0,0,0,0,0,0
7415073866,"ООО ""МИАСС-АВТОМАГИСТРАЛЬ""",199,446,True,False,False,False,False,False,48300486,0.0,0.0,0.0,0.0,0.0,0.0,0.0,0.0,0.0,11738000,0,803888000,760339000,1006000,15305000,7314000,0,846944000,803888000,32760000,1006000,4038000,0,926234000,846944000,22832000,32760000,2659000,0,762908000,926234000,8825000,22832000,0,0,0,0,0,0
4345485770,"ООО ""ВЯТСКИЕ МЕЛЬНИЦЫ""",67,43,True,False,False,False,False,False,45022214,0.0,0.0,0.0,0.0,0.0,0.0,0.0,0.0,0.0,55076000,0,354454000,323897000,2889000,20181000,62779000,0,489591000,354454000,25036000,2889000,79738000,0,681442000,489591000,32582000,25036000,95066000,0,765869000,681442000,22721000,32582000,0,0,0,0,0,0
2373012073,"ООО ""ЛИДЕР-КОРЕНОВСК""",73,529,True,False,False,False,False,False,8091120,0.0,0.0,0.0,0.0,0.0,0.0,0.0,0.0,0.0,34420000,0,839119000,698196000,43965000,26540000,35444000,0,995349000,839119000,55582000,43965000,26683000,0,1108096000,995349000,75495000,55582000,41813000,0,1251433000,1108096000,116340000,75495000,0,0,0,0,0,0
3015089857,"ООО ""А-ТРЕЙД""",12,518,True,False,False,False,False,False,527802,0.0,0.0,0.0,0.0,0.0,0.0,0.0,0.0,0.0,0,0,217369000,180892000,0,0,0,0,182041000,217369000,0,0,0,0,223427000,182041000,0,0,0,0,262064000,223427000,0,0,0,0,0,0,0,0
5012041025,"ООО ""РЕМЭКС-МКАД""",99,468,True,False,False,False,False,False,0,0.0,0.0,0.0,0.0,0.0,0.0,0.0,0.0,0.0,0,0,1069091000,826873000,0,0,0,0,958569000,1069091000,0,0,66000,0,1457955000,958569000,198003000,126541000,619000,0,1455651000,1457955000,111408000,198003000,0,0,0,0,0,0
7806226172,"ООО ""МПК""",36,260,True,False,False,False,False,False,0,0.0,0.0,0.0,0.0,0.0,0.0,0.0,0.0,0.0,0,0,189497000,155727000,0,0,0,0,231489000,189497000,0,0,0,0,325067000,231489000,0,0,0,0,331225000,325067000,0,0,0,0,0,0,0,0
7728427986,"ООО ""АРПАКЕМ""",96,651,True,False,False,False,False,False,0,0.0,0.0,0.0,0.0,0.0,0.0,0.0,0.0,0.0,4863000,0,607672000,304812000,-7549000,6140000,5220000,0,455439000,607672000,27230000,-7549000,438000,0,522013000,455439000,56796000,27230000,12661000,0,402960000,522013000,12373000,56796000,0,0,0,0,0,0
6901024745,"ООО ""КОМПАНИЯ ТВЕРЬ ПАК""",180,193,True,False,False,False,False,False,1514022,0.0,0.0,0.0,0.0,0.0,0.0,0.0,0.0,0.0,128388000,0,781876000,623425000,25017000,21698000,142953000,0,1035424000,781876000,36550000,25017000,170094000,0,1077999000,1035424000,44059000,36550000,186824000,0,1136506000,1077999000,62395000,44059000,0,0,0,0,0,0
7743198321,"ООО ""НОВАСТАЛЬ""",35,477,True,False,False,False,False,False,3744053,0.0,0.0,0.0,0.0,0.0,0.0,0.0,0.0,0.0,0,0,124011000,163141000,0,0,0,0,101027000,124011000,0,0,0,0,135259000,101027000,0,0,0,0,128978000,135259000,0,0,0,0,0,0,0,0
7716813754,"ООО ""АГРОИМПЭКС""",96,661,True,False,False,False,False,False,0,0.0,0.0,0.0,0.0,0.0,0.0,0.0,0.0,0.0,124000,0,139139000,652021000,1398000,15743000,0,0,0,0,0,0,98000,0,16515000,15476000,167000,-14000,0,0,0,0,0,0,0,0,0,0,0,0
7721638441,"ООО ""ФЕНСЕР ТТ""",99,660,True,False,False,False,False,False,36982,0.0,0.0,0.0,0.0,0.0,0.0,0.0,0.0,0.0,94656000,0,978054000,831993000,84734000,95196000,98628000,0,1192847000,978054000,206154000,84734000,104216000,0,1462057000,1192847000,282022000,206154000,100448000,0,1501079000,1462057000,272901000,282022000,0,0,0,0,0,0
3329090701,"ООО ""НИЛЬС""",25,561,True,False,False,False,False,False,0,0.0,0.0,0.0,0.0,0.0,0.0,0.0,0.0,0.0,19672000,0,198801000,144457000,44743000,54950000,39061000,0,650409000,198801000,38962000,44743000,63115000,0,804666000,650409000,110111000,38962000,33331000,0,1229837000,804666000,163806000,110111000,0,0,0,0,0,0
7708156833,"ООО ""ПЛАСТНЕФТЕХИМ""",35,651,True,False,False,False,False,False,1013530,0.0,0.0,0.0,0.0,0.0,0.0,0.0,0.0,0.0,6622000,0,3444270000,885389000,110149000,66404000,7308000,0,1908182000,3444270000,125550000,110149000,7123000,0,4927979000,1908182000,145108000,125550000,7295000,0,7225145000,4927979000,361446000,145108000,0,0,0,0,0,0
3711024413,"ООО ""ТОПЛИВНЫЙ АЛЬЯНС""",46,625,True,False,False,False,False,False,76701053,0.0,0.0,0.0,0.0,0.0,0.0,0.0,0.0,0.0,76000,0,387507000,226063000,11813000,7734000,50000,0,389233000,387507000,21072000,11813000,36000,0,415665000,389233000,12920000,21072000,21000,0,275928000,415665000,-2046000,12920000,0,0,0,0,0,0
5029067374,"ООО""ВИВАНТА""",99,581,True,False,False,False,False,False,0,0.0,0.0,0.0,0.0,0.0,0.0,0.0,0.0,0.0,134000,0,262838000,157256000,44126000,22452000,32000,0,228622000,262841000,44853000,44127000,31000,0,328459000,228625000,43399000,44856000,33000,0,373175000,328459000,58224000,43399000,0,0,0,0,0,0
5001079740,"ООО ""СЛОПСТАЙЛ""",99,593,True,False,False,False,False,False,0,0.0,0.0,0.0,0.0,0.0,0.0,0.0,0.0,0.0,162687000,0,1119318000,1004276000,220755000,175162000,154268000,0,242305000,1119318000,-5164000,220755000,146330000,0,443076000,242305000,17463000,-5164000,139090000,0,348433000,443076000,17811000,17463000,0,0,0,0,0,0
2539097677,"ООО ""ТЕХНОСИТИ""",126,566,False,True,False,False,False,False,230000,0.0,0.0,0.0,0.0,0.0,0.0,0.0,0.0,0.0,0,0,0,355814000,-637000,-441000,0,0,466182000,0,35000,-637000,0,0,530330000,466182000,-186000,35000,0,0,0,0,0,0,0,0,0,0,0,0
7807073673,"ООО ""Р-МОТОРС ЛАДА""",36,444,True,False,False,False,False,False,255184052,0.0,0.0,0.0,0.0,0.0,0.0,0.0,2582678.0,2582678.0,79141000,0,7470660000,3880190000,187929000,22513000,1824692000,0,6509576000,7470660000,94163000,187929000,1888668000,0,12609592000,6509576000,167364000,94163000,1163019000,0,16663483000,12609592000,-538645000,167364000,0,0,0,0,0,0
2539042660,"ООО ""ВОСТОКСНАБ - ДВ""",126,616,True,False,False,False,False,False,0,0.0,0.0,0.0,0.0,0.0,0.0,0.0,0.0,0.0,0,0,1524364000,1384342000,10223000,8597000,0,0,1659671000,1524364000,11292000,10223000,939000,0,1397983000,1659671000,13135000,11292000,698000,0,618262000,1397983000,10842000,13135000,0,0,0,0,0,0
7815001270,"ОАО ""ФАНПЛАСТ""",36,121,True,False,False,False,False,False,223016419,0.0,0.0,0.0,0.0,0.0,0.0,0.0,0.0,0.0,9023000,0,228857000,187962000,18090000,11257000,20107000,0,254268000,228857000,53378000,18090000,24096000,0,226021000,254268000,24848000,53378000,39283000,0,325579000,226021000,67686000,24848000,0,0,0,0,0,0
6149019455,"ООО ""АКТИВ""",144,458,True,False,False,False,False,False,0,0.0,0.0,0.0,0.0,0.0,0.0,0.0,0.0,0.0,1847000,0,331440000,271229000,6908000,8671000,1174000,0,704892000,331440000,25585000,6908000,964000,0,191773000,704892000,4219000,25585000,9971000,0,53551000,191773000,747000,4219000,0,0,0,0,0,0
7728879446,"ООО ""ТОРГОВЫЙ ДОМ ""СЛИВКИ""",35,528,True,False,False,False,False,False,0,0.0,0.0,0.0,0.0,0.0,0.0,0.0,0.0,0.0,0,0,462060000,246964000,0,0,0,0,316043000,462060000,0,0,0,0,268368000,316043000,0,0,0,0,301091000,268368000,0,0,0,0,0,0,0,0
7729767985,"ООО ""КОМПАНИЯ ""ФРУКТОЛАЙН""",35,23,True,False,False,False,False,False,0,0.0,0.0,0.0,0.0,0.0,0.0,0.0,0.0,0.0,12661000,0,255454000,233380000,-2711000,5345000,0,0,289734000,255454000,0,0,0,0,299880000,289734000,0,0,0,0,353516000,299880000,0,0,0,0,0,0,0,0
7704743220,"ООО ""АФЛЕКС""",95,598,True,False,False,False,False,False,461590,0.0,0.0,0.0,0.0,0.0,0.0,0.0,0.0,0.0,371000,0,147593000,212561000,1645000,20953000,0,0,133881000,147593000,0,0,0,0,2353000,133881000,0,0,0,0,22348000,2353000,0,0,0,0,0,0,0,0
5190063710,"ООО ""ТОРУС РЕГИОН""",85,572,True,False,False,False,False,False,23307652,0.0,0.0,0.0,0.0,0.0,0.0,0.0,10000.0,0.0,601000,0,361890000,415060000,9816000,-11918000,500000,0,389394000,361890000,11603000,9816000,3266000,0,396417000,389394000,11187000,11603000,1489000,0,437145000,396417000,18238000,11187000,0,0,0,0,0,0
4706028654,"ООО ""ТРАСТ ЛЕС""",85,2,True,False,False,False,False,False,7961321,0.0,0.0,0.0,0.0,0.0,0.0,0.0,0.0,0.0,33778000,0,743425000,562791000,12482000,5248000,46087000,0,364501000,743425000,8125000,12482000,34973000,0,242219000,364501000,724000,8125000,112824000,0,462379000,242219000,30814000,724000,0,0,0,0,0,0
7719728803,"ООО ""АТЕКС""",96,657,True,False,False,False,False,False,2623675,0.0,0.0,0.0,0.0,0.0,0.0,0.0,0.0,0.0,0,0,599745000,438278000,19134000,14252000,0,0,662264000,599745000,12788000,19134000,0,0,456439000,662264000,12176000,12788000,0,0,554385000,456439000,21439000,12176000,0,0,0,0,0,0
6729021088,"ООО ""СМОЛЕНСКАЯ УНИВЕРСАЛЬНАЯ БАЗА ОПС""",171,661,True,False,False,False,False,False,0,0.0,0.0,0.0,0.0,0.0,0.0,0.0,0.0,0.0,25469000,0,370020000,373132000,15465000,15667000,31968000,0,387888000,370020000,16083000,15465000,30221000,0,334453000,387888000,12951000,16083000,31062000,0,290868000,334453000,2182000,12951000,0,0,0,0,0,0
3123401255,"ООО ПФ ""РУССКИЙ ИНСТРУМЕНТ""",18,276,True,False,False,False,False,False,0,0.0,0.0,0.0,0.0,0.0,0.0,11561040.15,0.0,0.0,12504000,0,227845000,204145000,38529000,43028000,25122000,0,401296000,227845000,120105000,38529000,99196000,0,663196000,401296000,202837000,120105000,133128000,0,605526000,663196000,131900000,202837000,0,0,0,0,0,0
3257040219,"ООО ""ЕВА ФРУКТ""",110,519,True,False,False,False,False,False,0,0.0,0.0,0.0,0.0,0.0,0.0,31904924.94,230287.32,230287.32,13653000,0,968604000,133501000,4881000,-2828000,32258000,0,1023037000,968604000,-12998000,4880000,227043000,0,1273970000,1023037000,6366000,-12998000,18596000,0,242361000,1273970000,-23855000,6371000,0,0,0,0,0,0
7805464512,"ООО ""ГЛОБАЛ ТРЕЙДИНГ СПБ""",36,661,True,False,False,False,False,False,43501885,0.0,0.0,0.0,0.0,0.0,0.0,15957.38,13015.92,13015.92,0,0,223100000,247110000,0,0,0,0,164280000,223100000,0,0,0,0,59839000,164280000,0,0,0,0,3573000,59839000,0,0,0,0,0,0,0,0
6372018785,"ООО ""НАДО""",150,24,True,False,False,False,False,False,1800000,0.0,0.0,0.0,0.0,0.0,0.0,5036516.05,500.0,500.0,899463000,0,1090009000,990164000,86458000,75737000,860853000,0,1536631000,1090009000,177621000,86458000,750835000,0,1357389000,1536631000,168891000,177621000,806605000,0,1485225000,1357389000,96711000,168891000,0,0,0,0,0,0
5029129126,"ООО ""АВТОГРАФ-МОСКВА""",99,614,True,False,False,False,False,False,501554,0.0,0.0,0.0,0.0,0.0,0.0,0.0,0.0,0.0,0,0,632990000,525114000,0,0,0,0,731685000,632990000,0,0,0,0,759938000,731685000,0,0,27207000,0,862515000,759938000,153363000,173096000,0,0,0,0,0,0
7725381123,"ООО ""ФАНТОМАС""",96,638,True,False,False,False,False,False,0,0.0,0.0,0.0,0.0,0.0,0.0,0.0,0.0,0.0,0,0,377041000,224651000,0,0,0,0,593812000,377041000,0,0,0,0,581323000,593812000,0,0,0,0,635838000,581745000,0,0,0,0,0,0,0,0
5027236098,"ООО ""СОЛО""",35,584,True,False,False,False,False,False,0,0.0,0.0,0.0,0.0,0.0,0.0,0.0,0.0,0.0,5914000,0,361319000,344192000,6150000,13972000,5340000,0,281844000,361319000,-259000,6150000,5332000,0,496436000,281844000,35429000,-259000,3416000,0,531761000,496436000,11460000,35429000,0,0,0,0,0,0
7703404803,"ООО ""ЛОГИННОВАЦИИ""",35,619,True,False,False,False,False,False,4381855077,0.0,0.0,0.0,0.0,0.0,0.0,9689527.96,0.0,0.0,19811000,0,737147000,418172000,29272000,21104000,18526000,0,1985767000,737147000,181867000,29272000,8180000,0,1958361000,1985767000,187810000,181867000,11278000,0,764527000,1958361000,42607000,187810000,0,0,0,0,0,0
2222816322,"ООО ""ТРАНСПРОДУКТ""",3,546,True,False,False,False,False,False,729700,0.0,0.0,0.0,0.0,0.0,0.0,0.0,0.0,0.0,21025000,0,141876000,209965000,1242000,4067000,19156000,0,153298000,141876000,1586000,1242000,20330000,0,144181000,153298000,4848000,1586000,23011000,0,134306000,144181000,2867000,4848000,0,0,0,0,0,0
2411026256,"ООО ""МТРЕЙД""",74,447,True,False,False,False,False,False,0,0.0,0.0,0.0,0.0,0.0,0.0,8615.0,0.0,0.0,1880000,0,2443104000,2850709000,16362000,9677000,12604000,0,1798448000,2443104000,19948000,16362000,8928000,0,1987972000,1798448000,34574000,19948000,12993000,0,2751686000,1987972000,16841000,34574000,0,0,0,0,0,0
5044111540,"ООО ""ХАРВАЛ ЭНТЕРПРАЙЗИС""",99,201,True,False,False,False,False,False,0,0.0,0.0,0.0,0.0,0.0,0.0,0.0,28000.0,0.0,299672000,0,429551000,223892000,146561000,86838000,301870000,0,448251000,427462000,80111000,144472000,304439000,0,452162000,439234000,48580000,71095000,275061000,0,472707000,452162000,23804000,44073000,0,0,0,0,0,0
5262045294,"ООО ""СЛАВЯНСКИЙ ДВОР""",106,425,True,False,False,False,False,False,0,0.0,0.0,0.0,0.0,0.0,0.0,0.0,0.0,0.0,66681000,0,1670524000,1520967000,54297000,154719000,64482000,0,1198133000,1670524000,30503000,54297000,66779000,0,1278850000,1198133000,96745000,30503000,93064000,0,1825605000,1278850000,85844000,96745000,0,0,0,0,0,0
5031020775,"ООО "" ГЛОБУС """,99,663,True,False,False,False,False,False,0,0.0,0.0,0.0,0.0,0.0,0.0,74801.42,33937.35,38589.74,8450000,0,111899000,154522000,6972000,7472000,7797000,0,58091000,111899000,3210000,6972000,0,0,44556000,58091000,0,0,0,0,48744000,44556000,0,0,0,0,0,0,0,0
5433955088,"ООО ""НОВОСИБИРСКАГРОЦЕНТР""",112,604,True,False,False,False,False,False,1999000,0.0,0.0,0.0,0.0,0.0,0.0,0.0,0.0,0.0,366000,0,262912000,162875000,31627000,13917000,235000,0,408064000,262912000,79837000,31627000,1395000,0,361568000,408064000,43480000,79837000,1077000,0,384793000,361568000,39316000,43480000,0,0,0,0,0,0
5754001904,"ООО ""МЕТАЛЛСТРОЙ""",121,594,True,False,False,False,False,False,0,0.0,0.0,0.0,0.0,0.0,0.0,0.0,0.0,0.0,4286000,0,263472000,266528000,4870000,4477000,5080000,0,186261000,263472000,-1283000,4870000,4507000,0,258322000,186261000,6559000,-1283000,4632000,0,261717000,258322000,8937000,6559000,0,0,0,0,0,0
7801331102,"ООО ""РУСЛОМ""",153,659,True,False,False,False,False,False,0,0.0,0.0,0.0,0.0,0.0,0.0,0.0,0.0,0.0,0,0,396280000,389800000,0,0,0,0,181005000,396280000,0,0,0,0,217389000,181005000,0,0,0,0,252435000,217389000,0,0,0,0,0,0,0,0
7706644419,"ООО ""ЧЕМОДАН ПРО""",35,697,True,False,False,False,False,False,8900,0.0,0.0,0.0,0.0,0.0,0.0,0.0,0.0,0.0,63309000,0,2990858000,1772459000,720816000,45063000,342251000,0,1916292000,2990858000,322355000,720816000,347115000,0,1742411000,1916292000,237563000,322355000,1231062000,0,1699115000,1742411000,-199611000,237563000,0,0,0,0,0,0
2463080173,"ООО ""ПЦР""",74,711,True,False,False,False,False,False,288350,0.0,0.0,0.0,0.0,0.0,0.0,3191119.63,0.0,0.0,0,0,469977000,431579000,0,0,0,0,476538000,469977000,0,0,0,0,424330000,476538000,0,0,0,0,393260000,424330000,0,0,0,0,0,0,0,0
7734636226,"АО ""ПЛЭЙТУДЭЙ СНГ""",35,558,True,False,False,False,False,False,0,0.0,0.0,0.0,0.0,0.0,0.0,22877168.43,0.0,0.0,5916000,0,2531906000,1279769000,571097000,217914000,203908000,0,4957162000,2531906000,1490041000,571097000,307336000,0,7025514000,4957162000,2013481000,1490041000,2150218000,0,9160313000,7025514000,1486759000,2013481000,0,0,0,0,0,0
7806555868,"ООО ""ЭТАЛОНМЕД""",36,575,True,False,False,False,False,False,1925350,0.0,0.0,0.0,0.0,0.0,0.0,0.0,0.0,0.0,1093000,0,493502000,361641000,2114000,3228000,373000,0,336598000,493502000,6400000,2114000,0,0,25659000,361641000,0,0,0,0,3020000,25659000,0,0,0,0,0,0,0,0
6628002836,"АО ""РЕЖ-ХЛЕБ""",164,48,True,False,False,False,False,False,15675706,0.0,0.0,0.0,0.0,0.0,0.0,0.0,0.0,0.0,97818000,0,1432267000,1087812000,25487000,23955000,248504000,0,1881385000,1432267000,111732000,25487000,353186000,0,2015061000,1881385000,69443000,111732000,342400000,0,2169103000,2015061000,1522000,69443000,0,0,0,0,0,0
6612049035,"ООО ""ХИМАГРОМАШ-УРАЛ""",164,603,True,False,False,False,False,False,979190,0.0,0.0,0.0,0.0,0.0,0.0,0.0,0.0,0.0,0,0,247675000,174390000,0,0,0,0,175526000,247675000,0,0,0,0,111435000,175526000,0,0,0,0,101713000,111435000,0,0,0,0,0,0,0,0
6686000612,"ООО ""ТК ""КОРПОРАЦИЯ АВТОШИНСНАБ""",164,457,True,False,False,False,False,False,75750449,0.0,0.0,0.0,0.0,0.0,0.0,0.0,0.0,0.0,104000,0,1837186000,1397277000,21648000,8205000,178000,0,1742782000,1837186000,12651000,21648000,85000,0,1888301000,1742782000,6719000,12651000,138000,0,1979757000,1888301000,8237000,6719000,0,0,0,0,0,0
6450099551,"ООО ""РЕГИОНМЕТ""",155,659,False,True,False,False,False,False,0,0.0,0.0,0.0,0.0,0.0,0.0,0.0,0.0,0.0,0,0,383183000,271390000,18495000,8383000,92000,0,395896000,383183000,11589000,18495000,148000,0,846458000,395896000,6033000,11589000,0,0,0,0,0,0,0,0,0,0,0,0
5403006276,"ООО ""СИБХОЗТОРГ""",112,642,True,False,False,False,False,False,0,0.0,0.0,0.0,0.0,0.0,0.0,0.0,0.0,0.0,0,0,232330000,217269000,0,0,0,0,483938000,232330000,0,0,0,0,730298000,483938000,0,0,8275000,0,902559000,730298000,58079000,43643000,0,0,0,0,0,0
7017161496,"ООО ""ЛОКА-ТРЭЙД""",183,702,True,False,False,False,False,False,0,0.0,0.0,0.0,0.0,0.0,0.0,0.0,0.0,0.0,0,0,209670000,218617000,0,0,0,0,146545000,209670000,0,0,0,0,70166000,146545000,0,0,0,0,66730000,70166000,0,0,0,0,0,0,0,0
9705059264,"ООО ""АКВ-ТРЕЙДИНГ""",35,625,True,False,False,False,False,False,0,0.0,0.0,0.0,0.0,0.0,0.0,0.0,0.0,0.0,0,0,146066000,418255000,0,0,0,0,600460000,146066000,13183000,-25000,88000,0,2713148000,600460000,45129000,13183000,128000,0,5756035000,2713148000,104029000,45129000,0,0,0,0,0,0
7721554174,"ООО ""ОВЕНКОМПЛЕКТАВТОМАТИКА""",96,619,False,False,False,False,True,False,28818225,0.0,0.0,0.0,0.0,0.0,0.0,0.0,0.0,0.0,3490000,0,254383000,196001000,19031000,6581000,37545000,0,410398000,254383000,77991000,19031000,46413000,0,531160000,410398000,71172000,77991000,51212000,0,560468000,531160000,17424000,71172000,0,0,0,0,0,0
3460012561,"ООО ""СТРОЙФАВОРИТ-У""",28,644,True,False,False,False,False,False,0,0.0,0.0,0.0,0.0,0.0,0.0,63366.56,0.0,0.0,0,0,150963000,138846000,0,0,0,0,157883000,150963000,0,0,0,0,176747000,157883000,0,0,0,0,194864000,176747000,0,0,0,0,0,0,0,0
7703431691,"ООО ""МПС""",35,632,True,False,False,False,False,False,0,0.0,0.0,0.0,0.0,0.0,0.0,0.0,0.0,0.0,29000,0,412107000,441211000,27449000,31179000,106000,0,365289000,412107000,13134000,27449000,92000,0,142475000,365289000,2650000,13134000,78000,0,59365000,142475000,2012000,2650000,0,0,0,0,0,0
4003033530,"ООО ""АРХБУМ ТИССЬЮ ГРУПП""",56,136,True,False,False,False,False,False,0,0.0,0.0,0.0,0.0,0.0,0.0,0.0,0.0,0.0,13391047000,0,5892913000,4311108000,-49068000,-279866000,15649352000,0,9139832000,5892913000,1801126000,-49068000,19937492000,0,9008352000,9139832000,1460992000,1801126000,22053267000,0,11468500000,9008352000,1405684000,1460992000,0,0,0,0,0,0
6167140895,"ООО ""РОСТ-ИМПЭКС""",145,638,True,False,False,False,False,False,0,0.0,0.0,0.0,0.0,0.0,0.0,0.0,0.0,0.0,44641000,0,1899703000,1689414000,201054000,265005000,9860000,0,297857000,1899703000,-105185000,201054000,6321000,0,83402000,297857000,-129481000,-105185000,0,0,44164000,83402000,0,0,0,0,0,0,0,0
7326039366,"ООО ""ФОРСАЖ""",192,661,True,False,False,False,False,False,0,0.0,0.0,0.0,0.0,0.0,0.0,0.0,0.0,0.0,0,0,118466000,171680000,0,0,0,0,155453000,118466000,0,0,0,0,258040000,155453000,0,0,0,0,292126000,258040000,0,0,0,0,0,0,0,0
2310156530,"ООО ""ПРИМА АЙТИ""",73,596,True,False,False,False,False,False,202250447,0.0,0.0,0.0,0.0,0.0,0.0,0.0,0.0,0.0,0,0,440438000,352878000,0,0,0,0,428710000,440438000,0,0,0,0,514983000,428710000,0,0,0,0,500654000,514983000,0,0,0,0,0,0,0,0
5446018558,"ООО ПК ""КРИСТАЛЛ""",112,213,True,False,False,False,False,False,0,0.0,0.0,0.0,0.0,0.0,0.0,3791636.02,0.0,0.0,10304000,0,283134000,238218000,18637000,10980000,4876000,0,276753000,283134000,28257000,18637000,2396000,0,299663000,276753000,28656000,28257000,9897000,0,336421000,299663000,27231000,28656000,0,0,0,0,0,0
5404022619,"ООО ""НОВЫЕ ПРОДУКТЫ""",110,570,True,False,False,False,False,False,0,0.0,0.0,0.0,0.0,0.0,0.0,0.0,0.0,0.0,13530000,0,273610000,371403000,10767000,31042000,49061000,0,320749000,273610000,17549000,10767000,46477000,0,401845000,320749000,19131000,17549000,50194000,0,442938000,401845000,19643000,19131000,0,0,0,0,0,0
7806376410,"АО ""НМП""",36,286,True,False,False,False,False,False,397608,0.0,0.0,0.0,0.0,0.0,0.0,0.0,0.0,0.0,322256000,0,1276868000,1193096000,142792000,59723000,267128000,0,1351881000,1276868000,137466000,142792000,228424000,0,1803268000,1351881000,188033000,137466000,422043000,0,1932786000,1803268000,120056000,188033000,0,0,0,0,0,0
7814729148,"ООО ""ЛАСЕРТА.АВТОШИНЫ""",153,661,True,False,False,False,False,False,0,0.0,0.0,0.0,0.0,0.0,0.0,0.0,0.0,0.0,1045000,0,2810154000,1997428000,180377000,69453000,1550000,0,1599280000,2810154000,136808000,180377000,7053000,0,868528000,1599280000,48000,136808000,5318000,0,767587000,868528000,43594000,48000,0,0,0,0,0,0
3906084686,"ООО ""ФОРТ-ПОСТ КАЛИНИНГРАД""",53,537,True,False,False,False,False,False,0,0.0,0.0,0.0,0.0,0.0,0.0,0.0,0.0,0.0,0,0,125269000,147366000,-90000,-1726000,0,0,117247000,125269000,1392000,-90000,0,0,123105000,117247000,1978000,1392000,0,0,125261000,123105000,807000,1978000,0,0,0,0,0,0
7814491223,"ООО ""ЛМП""",36,577,True,False,False,False,False,False,3112597610,0.0,0.0,0.0,0.0,0.0,0.0,0.0,0.0,0.0,5052000,0,333394000,550265000,13546000,26892000,31167000,0,615661000,333394000,35268000,13546000,61361000,0,848698000,615661000,51724000,35268000,156413000,0,1380435000,848698000,197421000,51724000,0,0,0,0,0,0
5044115135,"ООО ""ГЛОБАЛ ТРАК СЕРВИС ЗАПАД""",99,453,True,False,False,False,False,False,0,0.0,0.0,0.0,0.0,0.0,0.0,0.0,0.0,0.0,397000,0,184334000,282900000,68033000,134485000,302000,0,262216000,184334000,180122000,68033000,206000,0,192440000,262216000,97847000,180122000,111000,0,261553000,192440000,132853000,97847000,0,0,0,0,0,0
6509023146,"ООО ""ФЛАГМАН""",161,690,True,False,False,False,False,False,0,0.0,0.0,0.0,0.0,0.0,0.0,0.0,0.0,0.0,0,0,8990000,271606000,0,0,0,0,4664000,8990000,0,0,0,0,3674000,4664000,0,0,0,0,2925000,3674000,0,0,0,0,0,0,0,0
7842349395,"ООО ""АНВИЛАБ""",99,178,True,False,False,False,False,False,0,0.0,0.0,0.0,0.0,0.0,0.0,0.0,0.0,0.0,13797000,0,83936000,188158000,1511000,47603000,31102000,0,90862000,83936000,-4842000,1511000,2854558000,0,162171000,90862000,35713000,-4842000,3123914000,0,304044000,162171000,66291000,35713000,0,0,0,0,0,0
2721173998,"ООО ""КОФЕЙНЫЙ МАГНАТ""",193,518,True,False,False,False,False,False,0,0.0,0.0,0.0,0.0,0.0,0.0,0.0,0.0,0.0,0,0,190826000,181989000,0,0,0,0,177149000,190826000,0,0,0,0,188990000,177149000,0,0,0,0,206220000,188990000,0,0,0,0,0,0,0,0
5190174403,"ООО ""ПАРУС""",102,19,True,False,False,False,False,False,0,0.0,0.0,0.0,0.0,0.0,0.0,0.0,0.0,0.0,0,0,149636000,163962000,0,0,0,0,273508000,149636000,0,0,0,0,212129000,273508000,0,0,0,0,171989000,212129000,0,0,0,0,0,0,0,0
7734618210,"ООО  ""СКИВАКС""",35,593,True,False,False,False,False,False,13959997,0.0,0.0,0.0,0.0,0.0,0.0,0.0,0.0,0.0,0,0,206552000,131571000,0,0,0,0,307881000,206552000,0,0,0,0,303266000,307881000,0,0,0,0,328654000,303266000,0,0,0,0,0,0,0,0
5402501616,"ООО ""АО СИБРЕАХИМ""",112,653,True,False,False,False,False,False,79180817,0.0,0.0,0.0,0.0,0.0,0.0,0.0,0.0,0.0,17249000,0,281375000,393871000,26074000,61618000,46912000,0,439896000,281375000,80021000,26074000,41719000,0,420436000,439896000,74826000,80021000,38038000,0,443652000,420324000,60786000,74744000,0,0,0,0,0,0
1655429120,"ООО ""РЕЗЕРВТРЕЙД""",142,625,True,False,False,False,False,False,0,0.0,0.0,0.0,0.0,0.0,0.0,0.0,0.0,0.0,0,0,1375272000,223505000,0,0,0,0,1813836000,1375272000,19418000,8916000,0,0,11248967000,1813836000,166680000,19418000,0,0,18867720000,11248967000,294858000,166680000,0,0,0,0,0,0
5610215341,"ООО ""СОВИН В""",95,681,True,False,False,False,False,False,0,0.0,0.0,0.0,0.0,0.0,0.0,0.0,0.0,0.0,0,0,119111000,160301000,0,0,0,0,137128000,119111000,0,0,0,0,134574000,137128000,0,0,0,0,138868000,134574000,0,0,0,0,0,0,0,0
5256118032,"ООО ""ЛИТПРОМГАРАНТ-НН""",106,274,True,False,False,False,False,False,0,0.0,0.0,0.0,0.0,0.0,0.0,0.0,0.0,0.0,47614000,0,281880000,203629000,8326000,5645000,46321000,0,194423000,281880000,4993000,8326000,76217000,0,283849000,194423000,16236000,4993000,48282000,0,375630000,283849000,19454000,16236000,0,0,0,0,0,0
7728179740,"ООО ""ЯМ ИНТЕРНЕШНЛ (СНГ)""",96,661,True,False,False,False,False,False,195178838,0.0,0.0,0.0,0.0,0.0,0.0,6829563.18,0.0,0.0,10789000,0,1340870000,1194600000,62838000,9843000,44778000,0,946572000,1340870000,-26661000,62838000,24151000,0,1261377000,946572000,141152000,-26661000,36782000,0,980851000,1261377000,10622000,141152000,0,0,0,0,0,0
3443140556,"ООО ""ОРИОН""",28,659,True,False,False,False,False,False,0,0.0,0.0,0.0,0.0,0.0,0.0,0.0,0.0,0.0,540000,0,327282000,168490000,4645000,3210000,487000,0,224479000,327282000,2360000,4645000,372000,0,256161000,224479000,2917000,2360000,0,0,220541000,256161000,0,0,0,0,0,0,0,0
3917050657,"ООО ""БАЛТСТРОЙСНАБ""",53,638,True,False,False,False,False,False,0,0.0,0.0,0.0,0.0,0.0,0.0,0.0,0.0,0.0,0,0,117360000,182842000,0,0,0,0,160565000,117360000,0,0,0,0,49966000,160565000,0,0,0,0,35444000,49966000,0,0,0,0,0,0,0,0
5036069598,"АО ""ТД ЭКСПОКАБЕЛЬ""",97,614,True,False,False,False,False,False,0,0.0,0.0,0.0,0.0,0.0,0.0,0.0,0.0,0.0,373778000,0,2575649000,1303116000,77531000,40657000,259300000,0,2094494000,2575649000,142019000,77531000,201338000,0,3750902000,2094494000,538418000,142019000,0,0,0,0,0,0,0,0,0,0,0,0
3604017718,"ООО ""БОРИСОГЛЕБСКИЙ МЭЗ""",34,29,True,False,False,False,False,False,0,0.0,0.0,0.0,0.0,0.0,0.0,0.0,0.0,0.0,134772000,0,2206000000,1569630000,21269000,29497000,289868000,0,2324124000,2206000000,6863000,20548000,286116000,0,1784778000,2324124000,57842000,5180000,260988000,0,2291394000,1784778000,37464000,57842000,0,0,0,0,0,0
6829139848,"ООО ""СОЮЗ-ФАРМ ПЛЮС""",175,731,False,True,False,False,False,False,0,0.0,0.0,0.0,0.0,0.0,0.0,0.0,0.0,0.0,0,0,201320000,202663000,9848000,5608000,0,0,191619000,201320000,-2757000,9848000,0,0,232613000,191619000,7192000,-2757000,0,0,0,0,0,0,0,0,0,0,0,0
7843014747,"ООО ""ТРИЕСТА""",153,576,True,False,False,False,False,False,10512975517,0.0,0.0,0.0,0.0,0.0,0.0,0.0,0.0,0.0,41000,0,36102000,611243000,1358000,-668000,0,0,33068000,36102000,0,0,0,0,63110000,33068000,0,0,0,0,43687000,63110000,0,0,0,0,0,0,0,0
5448451118,"ООО ""БЕЛЛА СИБИРЬ""",112,576,True,False,False,False,False,False,2105543422,0.0,0.0,0.0,0.0,0.0,0.0,0.0,10000.0,0.0,1607357000,0,2427387000,2230987000,41543000,101060000,1768716000,0,2849822000,2427387000,266258000,41543000,1716536000,0,2511274000,2849822000,77818000,266258000,1781290000,0,2239613000,2511274000,8495000,77818000,0,0,0,0,0,0
7806240346,"ООО ""АВТОР""",36,409,True,False,False,False,False,False,0,0.0,0.0,0.0,0.0,0.0,0.0,0.0,0.0,0.0,0,0,467930000,285922000,0,0,0,0,379754000,467930000,0,0,0,0,824234000,379754000,0,0,57662000,0,1411904000,824234000,610984000,363891000,0,0,0,0,0,0
2615010840,"ООО ""РАДА""",172,731,False,True,False,False,False,False,101370,0.0,0.0,0.0,0.0,0.0,0.0,0.0,0.0,0.0,0,0,143062000,128036000,0,0,0,0,132970000,143062000,0,0,0,0,139007000,132970000,0,0,0,0,222833000,139007000,0,0,0,0,0,0,0,0
7807227468,"ООО ""ЖАСМИН""",36,554,False,True,False,False,False,False,0,0.0,0.0,0.0,0.0,0.0,0.0,0.0,0.0,0.0,0,0,1988677000,1746919000,28276000,-2990000,0,0,2344305000,1988677000,14321000,28276000,0,0,1146338000,2344305000,11304000,14321000,0,0,0,0,0,0,0,0,0,0,0,0
4029047489,"ООО ""АФД-ИНЖИНИРИНГ""",56,603,True,False,False,False,False,False,418000,0.0,0.0,0.0,0.0,0.0,0.0,0.0,0.0,0.0,1773000,0,97425000,124462000,8071000,10815000,1575000,0,62960000,97425000,10769000,8071000,5692000,0,67534000,62960000,5367000,10769000,7043000,0,52128000,67534000,-8005000,5367000,0,0,0,0,0,0
6164126846,"ООО ""ГАРАНТ""",143,196,True,False,False,False,False,False,0,0.0,0.0,0.0,0.0,0.0,0.0,83806.58,0.0,0.0,3019000,0,16296000,143498000,885000,1795000,1770000,0,5314000,16296000,299000,885000,521000,0,11099000,5314000,827000,299000,0,0,17370000,11099000,1169000,827000,0,0,0,0,0,0
7810581211,"ООО ""УЮТ КЕРАМИКИ""",36,661,True,False,False,False,False,False,0,0.0,0.0,0.0,0.0,0.0,0.0,0.0,0.0,0.0,0,0,389147000,338132000,-11684000,-3638000,0,0,733941000,389147000,0,0,117000,0,1230832000,733941000,65626000,645000,184000,0,1795724000,1230832000,281086000,65626000,0,0,0,0,0,0
4209003875,"ОАО ""КОРМЗ""",62,404,True,False,False,False,False,False,1563228637,0.0,0.0,0.0,0.0,0.0,0.0,0.0,0.0,0.0,293681000,0,1052364000,1120057000,94827000,79353000,639088000,0,1009545000,1052364000,177213000,94827000,559410000,0,1301659000,1009545000,264188000,177213000,554721000,0,1098820000,1301659000,265359000,264188000,0,0,0,0,0,0
7804212840,"ООО ""НЕВАФУД""",109,663,True,False,False,False,False,False,0,0.0,0.0,0.0,0.0,0.0,0.0,0.0,0.0,0.0,3430000,0,852581000,653554000,-13676000,-21451000,1669000,0,1027357000,852581000,-6793000,-13676000,856000,0,915476000,1027357000,711000,-6793000,334000,0,509369000,915476000,2140000,711000,0,0,0,0,0,0
7811442235,"ООО ""ТЕЛЕКОМ-МАСТЕР""",153,270,True,False,False,False,False,False,101072534,0.0,0.0,0.0,0.0,0.0,0.0,0.0,0.0,0.0,935000,0,160136000,128506000,-9016000,1743000,792000,0,443168000,160136000,8355000,-9016000,61023000,0,711133000,443168000,20774000,8355000,50025000,0,606585000,711133000,2181000,20774000,0,0,0,0,0,0
6319152506,"ООО ""БИОТЕСТ""",151,575,True,False,False,False,False,False,2778558717,0.0,0.0,0.0,0.0,0.0,0.0,0.0,0.0,0.0,0,0,172133000,162107000,0,0,0,0,263495000,172133000,0,0,0,0,484037000,263495000,0,0,0,0,466201000,484351000,0,0,0,0,0,0,0,0
5029200266,"ООО ""ТОРГОВЫЙ ДОМ ""АВТОФОРУМ""",99,447,False,False,False,True,False,False,0,0.0,0.0,0.0,0.0,0.0,0.0,0.0,0.0,0.0,0,0,189235000,147297000,0,0,0,0,205679000,189235000,0,0,0,0,138804000,205679000,0,0,0,0,146872000,138804000,0,0,0,0,0,0,0,0
5409233170,"ООО ""ЛКК""",112,48,True,False,False,False,False,False,33848,0.0,0.0,0.0,0.0,0.0,0.0,0.0,0.0,0.0,19092000,0,380986000,292926000,1543000,4260000,18550000,0,305935000,380986000,4294000,1543000,71175000,0,237670000,305935000,13128000,4294000,45626000,0,302096000,237670000,18412000,13128000,0,0,0,0,0,0
7702421570,"ООО ""ИНФОКОМ""",35,599,True,False,False,False,False,False,0,0.0,0.0,0.0,0.0,0.0,0.0,0.0,0.0,0.0,0,0,70680000,156215000,0,0,0,0,71656000,70680000,0,0,0,0,507495000,71656000,0,0,0,0,1033913000,507495000,75206000,44274000,0,0,0,0,0,0
7727290915,"ООО ""ФОГЕЛЬ ПЛАСТ""",35,657,False,False,False,False,True,False,0,0.0,0.0,0.0,0.0,0.0,0.0,0.0,0.0,0.0,0,0,572345000,399003000,0,0,0,0,437181000,572345000,0,0,0,0,511968000,437181000,0,0,0,0,336390000,511968000,0,0,0,0,0,0,0,0
7726417622,"ООО ""ПАКТОРГ""",96,661,True,False,False,False,False,False,0,0.0,0.0,0.0,0.0,0.0,0.0,0.0,0.0,0.0,0,0,482045000,303165000,0,0,0,0,199050000,482045000,0,0,0,0,89810000,199050000,0,0,0,0,48831000,89810000,0,0,0,0,0,0,0,0
7840045948,"ООО ""АСА СПБ""",153,638,True,False,False,False,False,False,163102,0.0,0.0,0.0,0.0,0.0,0.0,0.0,0.0,0.0,0,0,211524000,143447000,0,0,0,0,244022000,211524000,0,0,0,0,569024000,244022000,0,0,0,0,867095000,569024000,0,0,0,0,0,0,0,0
1215213441,"ООО ""ЭКСПЕРТ""",138,690,True,False,False,False,False,False,374246809,0.0,0.0,0.0,0.0,0.0,0.0,0.0,0.0,0.0,41015000,0,1587037000,890984000,12635000,26820000,43095000,0,2285572000,1587037000,126045000,12635000,51083000,0,2403447000,2285572000,-6297000,126045000,94959000,0,2411363000,2403447000,-30188000,-6297000,0,0,0,0,0,0
6625022834,"АО ""ПАРЗ""",164,260,False,False,True,False,False,False,21527320,0.0,0.0,0.0,0.0,0.0,0.0,11589422.06,750.0,750.0,33091000,0,75521000,129467000,-26027000,2005000,0,0,24334000,75521000,0,0,0,0,19695000,24334000,0,0,0,0,10036000,24923000,0,0,0,0,0,0,0,0
4205293531,"ООО ""ЗАВОД УГЛЕХИМИИ""",112,172,True,False,False,False,False,False,0,0.0,0.0,0.0,0.0,0.0,0.0,7516700.46,215748.37,0.0,10220000,0,790425000,449484000,75794000,44351000,25337000,0,1041180000,790425000,52032000,75794000,25953000,0,668427000,1041180000,22408000,52032000,25467000,0,461500000,668427000,8682000,22408000,0,0,0,0,0,0
6450090929,"ООО ""СЛК""",156,644,True,False,False,False,False,False,0,0.0,0.0,0.0,0.0,0.0,0.0,0.0,0.0,0.0,0,0,366123000,287558000,17321000,14093000,0,0,330583000,366123000,11131000,17321000,163000,0,394363000,330583000,15795000,11131000,109000,0,458205000,394363000,10244000,15795000,0,0,0,0,0,0
7751151430,"ООО ""ЗУЛАЛ ФУД""",95,495,True,False,False,False,False,False,0,0.0,0.0,0.0,0.0,0.0,0.0,0.0,0.0,0.0,0,0,88999000,139379000,0,0,0,0,220352000,88999000,0,0,0,0,153380000,220352000,0,0,0,0,271631000,153380000,0,0,0,0,0,0,0,0
7838031070,"ООО ""АМЕРПЛАСТ""",153,594,False,False,False,False,False,True,0,0.0,0.0,0.0,0.0,0.0,0.0,0.0,0.0,0.0,212000,0,495376000,602033000,9792000,24404000,3476000,0,333615000,495376000,5816000,9792000,3591000,0,120452000,333615000,-2985000,5816000,198000,0,7691000,120452000,-6325000,-2985000,0,0,0,0,0,0
7720630506,"ООО ""МЕТЕК СЕРВИС""",96,661,True,False,False,False,False,False,0,0.0,0.0,0.0,0.0,0.0,0.0,0.0,0.0,0.0,9393000,0,1985735000,681472000,105254000,14790000,5971000,0,2696268000,1985735000,110227000,105254000,32582000,0,2692915000,2696268000,153738000,122732000,66136000,0,3208752000,2692915000,135172000,153738000,0,0,0,0,0,0
5036152655,"ООО ""ЛЮКСОН ДЕКОР""",99,647,True,False,False,False,False,False,0,0.0,0.0,0.0,0.0,0.0,0.0,0.0,0.0,0.0,0,0,356990000,245075000,0,0,0,0,418391000,356990000,0,0,0,0,610878000,418391000,0,0,19715000,0,597174000,610878000,124333000,185856000,0,0,0,0,0,0
7714996982,"ООО ""АШАНТИ""",96,756,True,False,False,False,False,False,0,0.0,0.0,0.0,0.0,0.0,0.0,8.81,0.0,0.0,0,0,76205000,153824000,0,0,0,0,183636000,76205000,0,0,0,0,132584000,183636000,0,0,0,0,153718000,132584000,0,0,0,0,0,0,0,0
6659026925,"ООО ""ИНГОРТЕХ""",164,312,True,False,False,False,False,False,35285722,0.0,0.0,0.0,0.0,0.0,0.0,0.0,0.0,0.0,89184000,0,915800000,932552000,36063000,111285000,84506000,0,1430764000,915800000,188994000,36063000,170821000,0,1539196000,1430764000,173149000,188994000,506895000,0,1311800000,1539196000,57461000,173149000,0,0,0,0,0,0
7816566940,"ООО ""ФРУТСЭЛЛ""",153,519,True,False,False,False,False,False,0,0.0,0.0,0.0,0.0,0.0,0.0,0.0,0.0,0.0,0,0,10474000,129859000,0,0,0,0,396625000,10474000,0,0,1258000,0,9852799000,396625000,342652000,17324000,23963000,0,4267111000,9852799000,22596000,342652000,0,0,0,0,0,0
2536020002,"АО""ПТДК""",126,718,True,False,False,False,False,False,7926625,0.0,0.0,0.0,0.0,0.0,0.0,0.0,0.0,0.0,42457000,0,278427000,226841000,-30196000,-33238000,51018000,0,289361000,278427000,-21260000,-30196000,45542000,0,262007000,289361000,-18536000,-21260000,43487000,0,287906000,262007000,-13397000,-18536000,0,0,0,0,0,0
7728436821,"ООО ""ТД НТЗВ""",35,619,True,False,False,False,False,False,0,0.0,0.0,0.0,0.0,0.0,0.0,0.0,0.0,0.0,0,0,178900000,149115000,0,0,101000,0,199480000,178900000,134463000,131219000,54000,0,217483000,199480000,139314000,134463000,66000,0,260363000,217483000,167365000,139314000,0,0,0,0,0,0
7604081485,"ООО ""КОМПАНИЯ АВТОЛИГА""",186,447,False,True,False,False,False,False,2189301,0.0,0.0,0.0,0.0,0.0,0.0,0.0,0.0,0.0,106844000,0,1774655000,1152172000,161867000,57681000,100279000,0,1017395000,1774655000,88711000,161867000,95918000,0,596435000,1017395000,29202000,88711000,0,0,0,0,0,0,0,0,0,0,0,0
3703017081,"ООО ""ПОЛИКОР-ВОСТОК""",46,661,True,False,False,False,False,False,159369222,0.0,0.0,0.0,0.0,0.0,0.0,0.0,0.0,0.0,0,0,143631000,158537000,16427000,18736000,107000,0,172768000,143631000,20595000,16427000,27000,0,294736000,172768000,35667000,20595000,0,0,357315000,294736000,39970000,35667000,0,0,0,0,0,0
7737516632,"ООО ""БИОПСИ МЕДИКАЛ""",35,575,True,False,False,False,False,False,158262850,0.0,0.0,0.0,0.0,0.0,0.0,0.0,0.0,0.0,0,0,126251000,128015000,0,0,0,0,142826000,126251000,0,0,0,0,156574000,142826000,0,0,0,0,249627000,156574000,0,0,0,0,0,0,0,0
7726401485,"ООО ""ГАЗСЕНСОР""",35,661,True,False,False,False,False,False,4485656,0.0,0.0,0.0,0.0,0.0,0.0,0.0,0.0,0.0,0,0,280293000,240253000,0,0,0,0,333547000,280293000,0,0,0,0,477405000,333547000,0,0,0,0,400018000,477405000,0,0,0,0,0,0,0,0
7718775215,"ООО ""БАРД РУС""",35,575,True,False,False,False,False,False,0,0.0,0.0,0.0,0.0,0.0,0.0,0.0,0.0,0.0,6142000,0,229104000,171677000,21398000,5970000,393000,0,224964000,229104000,36032000,21398000,332000,0,9778000,224964000,-124000,36032000,1584000,0,20454000,9778000,9859000,-124000,0,0,0,0,0,0
1435282176,"ООО ""ПЕГОВ Е.О.""",140,40,True,False,False,False,False,False,0,0.0,0.0,0.0,0.0,0.0,0.0,0.0,0.0,0.0,60973000,0,162488000,128932000,31751000,21933000,58092000,0,224808000,162488000,73858000,31751000,48864000,0,232509000,224808000,71788000,73858000,41547000,0,265134000,232509000,97267000,71788000,0,0,0,0,0,0
5027199142,"ООО ""ЭНЕРГОИМПЕРИЯ""",99,335,True,False,False,False,False,False,0,0.0,0.0,0.0,0.0,0.0,0.0,3189774.42,0.0,0.0,3028000,0,205344000,125052000,3881000,2831000,842000,0,270166000,205344000,6692000,3887000,16495000,0,442308000,270166000,16782000,6692000,19625000,0,456664000,442308000,21762000,16472000,0,0,0,0,0,0
3906214582,"ООО ""МП-ТЕХНОЛОГИИ КАЛИНИНГРАД""",52,614,True,False,False,False,False,False,0,0.0,0.0,0.0,0.0,0.0,0.0,0.0,0.0,0.0,8131000,0,304358000,223636000,17734000,13212000,36879000,0,199176000,304358000,6786000,17734000,46555000,0,631153000,199176000,42331000,6786000,34993000,0,949988000,631153000,6874000,42331000,0,0,0,0,0,0
7722809347,"ООО ВКЗ ""ШЕРЕМЕТЬЕВСКИЙ""",99,73,True,False,False,False,False,False,0,0.0,0.0,0.0,0.0,0.0,0.0,0.0,0.0,0.0,143235000,0,176511000,140855000,-61932000,-39925000,144047000,0,242825000,176511000,24532000,-61932000,148675000,0,228532000,242825000,4801000,24532000,159084000,0,337454000,228532000,2275000,4801000,0,0,0,0,0,0
1639046071,"ООО ""РЕАЛ ФУД""",176,528,True,False,False,False,False,False,126580,0.0,0.0,0.0,0.0,0.0,0.0,0.0,0.0,0.0,53000,0,99073000,120073000,-1260000,-3551000,31000,0,106473000,99073000,-2676000,-1260000,12000,0,138568000,106473000,-5188000,-2676000,0,0,113281000,138568000,-3698000,-5188000,0,0,0,0,0,0
4414016115,"ООО ""ЮД ""ДИНАСТИЯ""",72,431,True,False,False,False,False,False,0,0.0,0.0,0.0,0.0,0.0,0.0,0.0,0.0,0.0,30429000,0,281344000,138008000,15432000,18065000,34038000,0,220657000,281344000,11784000,15432000,56662000,0,384170000,220657000,102216000,11784000,54904000,0,696202000,384170000,159790000,102216000,0,0,0,0,0,0
2315985620,"ООО ""ФРУТСЕРВИС""",73,519,True,False,False,False,False,False,780582,0.0,0.0,0.0,0.0,0.0,0.0,0.0,0.0,0.0,46513000,0,928956000,719400000,61938000,56413000,38157000,0,892680000,928956000,41473000,61938000,31965000,0,1346931000,892680000,45812000,41473000,25426000,0,1493918000,1346931000,35833000,45848000,0,0,0,0,0,0
6671086617,"ООО ""ВЕГА""",164,577,True,False,False,False,False,False,890595633,0.0,0.0,0.0,0.0,0.0,0.0,0.0,0.0,0.0,0,0,119871000,138608000,0,0,0,0,140955000,119871000,0,0,0,0,138495000,140955000,0,0,0,0,118210000,138495000,0,0,0,0,0,0,0,0
5003064474,"ООО "" ОБУХОВ АВТОСЕРВИС""",96,454,True,False,False,False,False,False,30346623,0.0,0.0,0.0,0.0,0.0,0.0,0.0,0.0,0.0,65109000,0,1650748000,726657000,-12933000,-16805000,141327000,0,1968943000,1650748000,-95171000,-12933000,28579000,0,1880976000,1968943000,-16386000,-95171000,54066000,0,2412324000,1880976000,168708000,-16386000,0,0,0,0,0,0
5836663659,"ООО ""ГРАНИТНЫЕ МАТЕРИАЛЫ""",124,644,True,False,False,False,False,False,0,0.0,0.0,0.0,0.0,0.0,0.0,0.0,0.0,0.0,0,0,338859000,158935000,0,0,0,0,589818000,338859000,0,0,0,0,631215000,589818000,0,0,0,0,559697000,631215000,0,0,0,0,0,0,0,0
6679008346,"ООО ""ЮТОЙ""",164,592,True,False,False,False,False,False,18000,0.0,0.0,0.0,0.0,0.0,0.0,1505396.85,0.0,0.0,1764000,0,391167000,436751000,17324000,12093000,1264000,0,334296000,391167000,17799000,17324000,784000,0,404600000,334296000,18218000,17799000,386000,0,373456000,404600000,32389000,18218000,0,0,0,0,0,0
5007107263,"ООО ""ГРАНД""",185,34,False,True,False,False,False,False,0,0.0,0.0,0.0,0.0,0.0,0.0,0.0,0.0,0.0,0,0,1725330000,142439000,16396000,25764000,1185000,0,1365672000,1725330000,27371000,16396000,993000,0,963219000,1365672000,31404000,27371000,0,0,0,0,0,0,0,0,0,0,0,0
6671001780,"ООО ""ЭНСОНС""",164,331,True,False,False,False,False,False,39583427,0.0,0.0,0.0,0.0,0.0,0.0,0.0,0.0,0.0,22084000,0,408897000,316307000,24937000,27021000,18311000,0,433530000,408897000,22254000,19817000,18992000,0,787551000,433530000,111366000,22254000,34817000,0,962439000,787551000,94294000,111366000,0,0,0,0,0,0
7701180682,"ООО  ""ПРОФЕССИОНАЛЬНЫЙ ИНСТРУМЕНТ""",35,487,True,False,False,False,False,False,49555276,0.0,0.0,0.0,0.0,0.0,0.0,0.0,0.0,0.0,3217000,0,370428000,294609000,62243000,54799000,3287000,0,214188000,370428000,19893000,62243000,1925000,0,313523000,214188000,64051000,19893000,1347000,0,367610000,313523000,89209000,64051000,0,0,0,0,0,0
2724200128,"ООО ""АРМАДА""",193,638,False,False,True,False,False,False,0,0.0,0.0,0.0,0.0,0.0,0.0,45362265.6,11000.0,1000.0,0,0,225496000,134497000,0,0,0,0,337169000,225496000,0,0,0,0,325035000,337169000,0,0,0,0,0,325035000,0,0,0,0,0,0,0,0
7714792851,"ООО ""ДИАКОНТ""",35,435,True,False,False,False,False,False,257048334,0.0,0.0,0.0,0.0,0.0,0.0,0.0,0.0,0.0,0,0,321519000,276650000,0,0,0,0,501265000,321519000,0,0,0,0,497105000,501265000,0,0,0,0,556895000,497105000,0,0,0,0,0,0,0,0
6686006036,"ООО ""САВ-ФАРМ""",164,575,True,False,False,False,False,False,6250236594,0.0,0.0,0.0,0.0,0.0,0.0,0.0,0.0,0.0,2146000,0,727564000,1175657000,59051000,160162000,7504000,0,269298000,727564000,57220000,59051000,5441000,0,370894000,269298000,14515000,57220000,3094000,0,691593000,370894000,38567000,14515000,0,0,0,0,0,0
7449023616,"ООО ""УРАЛАВТОХАУС""",199,445,True,False,False,False,False,False,185081060,0.0,0.0,0.0,0.0,0.0,0.0,0.0,0.0,0.0,167348000,0,3788398000,2945631000,30676000,9110000,144446000,0,1417276000,3788398000,31473000,30676000,205735000,0,621088000,1417276000,-54176000,31473000,201204000,0,494274000,621088000,-24284000,-54176000,0,0,0,0,0,0
2311141872,"ООО ТД ""ЮГРАС""",73,652,True,False,False,False,False,False,29100717,0.0,0.0,0.0,0.0,0.0,0.0,0.0,0.0,0.0,16267000,0,1432298000,990247000,29119000,13955000,98748000,0,1847095000,1432298000,216665000,29119000,92122000,0,1560931000,1847095000,59680000,216665000,160653000,0,1806760000,1560931000,80219000,59680000,0,0,0,0,0,0
7810350920,"ООО ""МИР""",36,139,False,False,False,False,False,True,0,0.0,0.0,0.0,0.0,0.0,0.0,0.0,0.0,0.0,0,0,228705000,200350000,0,0,0,0,185865000,228705000,0,0,0,0,228015000,185865000,0,0,0,0,134181000,228015000,0,0,0,0,0,0,0,0
2632813967,"ООО ""ТД АЛЬКОР КМВ""",172,584,True,False,False,False,False,False,34345,0.0,0.0,0.0,0.0,0.0,0.0,0.0,0.0,0.0,0,0,298687000,198755000,0,0,0,0,289024000,298687000,0,0,0,0,303828000,289024000,0,0,0,0,350894000,303828000,0,0,0,0,0,0,0,0
2636051050,"ООО ""САМСОН - КАВКАЗ""",172,589,True,False,False,False,False,False,167185201,0.0,0.0,0.0,0.0,0.0,0.0,0.0,0.0,0.0,7853000,0,753725000,652150000,56011000,29259000,11929000,0,849434000,753725000,95651000,56011000,10817000,0,812680000,849434000,88340000,95651000,6750000,0,456532000,812680000,25871000,88340000,0,0,0,0,0,0
5047167212,"ООО ""БРУНО""",99,529,True,False,False,False,False,False,0,0.0,0.0,0.0,0.0,0.0,0.0,0.0,0.0,0.0,0,0,200330000,234677000,5696000,9219000,0,0,203911000,200330000,9042000,5696000,0,0,110913000,203911000,2688000,9042000,0,0,74067000,110913000,1098000,2688000,0,0,0,0,0,0
3805100275,"АО ""ПАДУН-ХЛЕБ""",49,48,True,False,False,False,False,False,71355868,0.0,0.0,0.0,0.0,0.0,0.0,0.0,0.0,500.0,29140000,0,436682000,384889000,44005000,31995000,29524000,0,521313000,436682000,53476000,44005000,46196000,0,572178000,521313000,62432000,53476000,59671000,0,668152000,572178000,65186000,62432000,0,0,0,0,0,0
2407009152,"АО ""КЛМ КО""",74,117,False,False,True,False,False,False,1186151,0.0,0.0,0.0,0.0,0.0,0.0,3052048.37,0.0,0.0,726670000,0,1437273000,1567273000,109790000,4812000,571003000,0,1517359000,1437273000,86645000,138656000,437217000,0,648197000,1517359000,48790000,86645000,432449000,0,1207710000,648197000,199106000,48790000,0,0,0,0,0,0
5042142373,"ООО ""ОКНА РОСТА ДОМ""",99,704,True,False,False,False,False,False,456228,0.0,0.0,0.0,0.0,0.0,0.0,0.0,0.0,0.0,69000,0,153222000,184990000,14797000,33923000,23000,0,110821000,153222000,4887000,14797000,0,0,113175000,110821000,5799000,4887000,0,0,120663000,113175000,8723000,5799000,0,0,0,0,0,0
4501164092,"ООО ""ЗАУРАЛЬСКИЕ БАРАНКИ""",79,48,True,False,False,False,False,False,0,0.0,0.0,0.0,0.0,0.0,0.0,0.0,0.0,0.0,1079000,0,268660000,222876000,4082000,4064000,552000,0,381813000,268660000,12864000,4082000,0,0,19373000,381813000,105000,12864000,0,0,0,19373000,-648000,105000,0,0,0,0,0,0
4825126643,"ООО ""АГРОФОРВАРД""",86,524,True,False,False,False,False,False,0,0.0,0.0,0.0,0.0,0.0,0.0,0.0,750.0,750.0,0,0,183941000,130270000,0,0,0,0,222676000,183941000,0,0,0,0,298632000,222676000,0,0,0,0,543163000,298632000,0,0,0,0,0,0,0,0
5024192886,"ООО ""ЗИРО""",99,536,True,False,False,False,False,False,0,0.0,0.0,0.0,0.0,0.0,0.0,0.0,0.0,0.0,0,0,193765000,129623000,0,0,0,0,172731000,193765000,0,0,0,0,245644000,172731000,0,0,0,0,265347000,245644000,0,0,0,0,0,0,0,0
7720782890,"ООО ""ГЛОБАЛ-КЛИН""",35,661,True,False,False,False,False,False,626038,0.0,0.0,0.0,0.0,0.0,0.0,0.0,0.0,0.0,533000,0,761732000,724890000,-6759000,22676000,6494000,0,830188000,761732000,38752000,-6759000,4895000,0,602144000,830188000,26067000,38752000,1811000,0,579991000,602144000,70475000,26067000,0,0,0,0,0,0
2321003663,"АО ""КХП ""ТИХОРЕЦКИЙ""",73,43,True,False,False,False,False,False,611522129,0.0,0.0,0.0,0.0,0.0,0.0,0.0,0.0,0.0,457157000,0,3113570000,2561767000,187919000,125102000,689413000,0,3395484000,3113570000,345297000,187919000,733307000,0,2649982000,3395484000,152068000,345297000,693586000,0,2268711000,2649982000,70361000,152068000,0,0,0,0,0,0
7802809293,"ООО ""КУЧИНА""",153,519,False,True,False,False,False,False,0,0.0,0.0,0.0,0.0,0.0,0.0,0.0,0.0,0.0,77000,0,163630000,265298000,12159000,16844000,50000,0,74687000,163630000,4055000,12159000,23000,0,520924000,74687000,28972000,4055000,0,0,0,520924000,0,28972000,0,0,0,0,0,0
7806410510,"ООО ТОРГОВЫЙ ДОМ ""КРАНИМПОРТ""",153,617,True,False,False,False,False,False,10944539,0.0,0.0,0.0,0.0,0.0,0.0,0.0,0.0,0.0,9585000,0,1350793000,1201583000,171868000,191252000,7276000,0,1518095000,1350793000,109370000,171868000,11093000,0,2179163000,1518095000,115275000,109370000,9561000,0,2595207000,2179163000,-96378000,115275000,0,0,0,0,0,0
7529013194,"ООО ""СКИФ""",42,680,True,False,False,False,False,False,0,0.0,0.0,0.0,0.0,0.0,0.0,0.0,0.0,0.0,0,0,140013000,125955000,0,0,0,0,152570000,140013000,0,0,0,0,132835000,152570000,0,0,0,0,186311000,132835000,0,0,0,0,0,0,0,0
4708018531,"ООО ""МАРТ""",85,625,True,False,False,False,False,False,0,0.0,0.0,0.0,0.0,0.0,0.0,0.0,0.0,0.0,1723000,0,535956000,691013000,2279000,3981000,1657000,0,644881000,535956000,2847000,2279000,1590000,0,593403000,644881000,2068000,2847000,1524000,0,660835000,593403000,3300000,2068000,0,0,0,0,0,0
3906204175,"ООО ""ВАРЗУГАМЕДА КАЛИНИНГРАД""",53,575,True,False,False,False,False,False,964820628,0.0,0.0,0.0,0.0,0.0,0.0,0.0,0.0,0.0,0,0,38351000,156240000,0,0,0,0,108329000,38351000,0,0,0,0,124513000,108329000,0,0,0,0,183052000,124513000,0,0,0,0,0,0,0,0
7724707703,"ООО ""БОЛЕАР""",35,185,False,False,False,False,True,False,80173501,0.0,0.0,0.0,0.0,0.0,0.0,0.0,0.0,0.0,189571000,0,2120342000,1861829000,792958000,782863000,243021000,0,2536028000,2120342000,986819000,792958000,231590000,0,2484615000,2536028000,802110000,986819000,187894000,0,2609889000,2484615000,740886000,802110000,0,0,0,0,0,0
5027253470,"ООО ""Д-СНАБ""",99,756,True,False,False,False,False,False,0,0.0,0.0,0.0,0.0,0.0,0.0,0.0,0.0,0.0,13910000,0,1238442000,1098930000,15517000,6756000,81987000,0,1387309000,1238442000,26271000,15517000,69390000,0,1382672000,1387309000,22818000,26271000,109970000,0,1563027000,1382672000,33315000,22818000,0,0,0,0,0,0
3711016250,"ООО ""ШИК""",46,447,True,False,False,False,False,False,12316258,0.0,0.0,0.0,0.0,0.0,0.0,0.0,0.0,0.0,61667000,0,447157000,221613000,15049000,1748000,54718000,0,167739000,447157000,15832000,15049000,62184000,0,104292000,167739000,10148000,15832000,61259000,0,199396000,104292000,-11617000,10148000,0,0,0,0,0,0
7017128932,"ООО ""ДОМСТРОЙ""",183,218,False,False,True,False,False,False,78707666,0.0,0.0,0.0,0.0,0.0,0.0,5298995.95,28000.0,0.0,21440000,0,92213000,130653000,-11266000,-10225000,19856000,0,50523000,92213000,-14162000,-11266000,13787000,0,25311000,50523000,-58844000,-14162000,13787000,0,5333000,25311000,18000,-58844000,0,0,0,0,0,0
5433135448,"ООО ""СИБАГРО ТРЕЙД""",112,576,True,False,False,False,False,False,202546837,0.0,0.0,0.0,0.0,0.0,0.0,0.0,0.0,0.0,52164000,0,2365092000,2067279000,139745000,120948000,48014000,0,3254207000,2365092000,330810000,139745000,45312000,0,5142471000,3254207000,523457000,330810000,46051000,0,6600035000,5142471000,491107000,523457000,0,0,0,0,0,0
1645026860,"ООО ""АЙРОН""",142,423,False,False,True,False,False,False,0,0.0,0.0,0.0,0.0,0.0,0.0,20192317.3,4429.0,4429.0,768922000,0,431580000,416899000,41833000,100375000,801743000,0,445648000,431580000,16071000,41833000,809063000,0,326025000,445648000,-89865000,16071000,765942000,0,87704000,326025000,-102489000,-89865000,0,0,0,0,0,0
7724366517,"ООО ""ЗАВОД ""ОГОНЕК""",35,434,False,False,True,False,False,False,0,0.0,0.0,0.0,0.0,0.0,0.0,82588489.68,26576.16,16576.16,5974000,0,111101000,184411000,38072000,14573000,5622000,0,127657000,111101000,-6045000,38072000,5182000,0,141087000,127657000,16677000,-6013000,4665000,0,161293000,141087000,23794000,16677000,0,0,0,0,0,0
5050112118,"ООО ""РАДУГА ЗВУКОВ""",98,732,True,False,False,False,False,False,75792890,0.0,0.0,0.0,0.0,0.0,0.0,0.0,0.0,0.0,87616000,0,1170166000,972356000,140363000,186068000,81961000,0,1408730000,1170166000,263333000,140363000,65467000,0,1859720000,1408730000,400862000,263333000,65997000,0,2103693000,1859720000,500254000,400862000,0,0,0,0,0,0
7451384521,"ООО  ""ЗАПЧАСТЬЛОГИСТИК""",197,459,True,False,False,False,False,False,3402584,0.0,0.0,0.0,0.0,0.0,0.0,0.0,0.0,0.0,0,0,264065000,243671000,0,0,0,0,293183000,264065000,0,0,0,0,307689000,293183000,0,0,0,0,282196000,307689000,0,0,0,0,0,0,0,0
7734046428,"ООО ""АПФ АЛЬКОР""",35,769,True,False,False,False,False,False,981100,0.0,0.0,0.0,0.0,0.0,0.0,0.0,0.0,0.0,123312000,0,233600000,206329000,61474000,53103000,130763000,0,149314000,233600000,28930000,61474000,131681000,0,173986000,149314000,18586000,28930000,103874000,0,174444000,173986000,26654000,18586000,0,0,0,0,0,0
7715932269,"ООО ""ВГТ""",35,632,True,False,False,False,False,False,0,0.0,0.0,0.0,0.0,0.0,0.0,0.0,0.0,0.0,50694000,0,880999000,793958000,14048000,279000,0,0,796453000,880999000,0,0,0,0,1039205000,796453000,0,0,0,0,702239000,1039205000,0,0,0,0,0,0,0,0
2540232754,"ООО ""СНАБЖЕНИЕ""",153,638,False,False,False,False,False,True,82766314,0.0,0.0,0.0,0.0,0.0,0.0,0.0,0.0,0.0,0,0,383587000,316952000,0,0,0,0,561905000,383587000,0,0,0,0,573710000,561905000,0,0,0,0,0,0,0,0,0,0,0,0,0,0
5003084424,"ООО ""ТД ""АСАЛЬ КО""",96,26,True,False,False,False,False,False,0,0.0,0.0,0.0,0.0,0.0,0.0,0.0,10000.0,0.0,0,0,388186000,144420000,0,0,0,0,460707000,388186000,0,0,0,0,487840000,462194000,0,0,0,0,686763000,487840000,0,0,0,0,0,0,0,0
3329094939,"ООО ""СИСТЕМА""",24,596,True,False,False,False,False,False,548560027,0.0,0.0,0.0,0.0,0.0,0.0,0.0,0.0,0.0,0,0,128551000,126780000,0,0,0,0,131749000,128551000,0,0,0,0,166806000,131749000,0,0,0,0,224369000,166806000,0,0,0,0,0,0,0,0
6168093253,"ООО ""ГЕРМЕС""",143,537,True,False,False,False,False,False,0,0.0,0.0,0.0,0.0,0.0,0.0,0.0,0.0,0.0,5316000,0,1397125000,1116293000,235000,7259000,4076000,0,512392000,1397125000,-3042000,235000,5023000,0,3825139000,512392000,37920000,-3042000,12236000,0,3084054000,3825139000,54243000,37920000,0,0,0,0,0,0
7801673297,"ООО ""ГЕЛОН""",36,594,False,True,False,False,False,False,0,0.0,0.0,0.0,0.0,0.0,0.0,0.0,0.0,0.0,0,0,149257000,149966000,0,0,0,0,102837000,149257000,0,0,0,0,73872000,102837000,0,0,0,0,0,0,0,0,0,0,0,0,0,0
2257004191,"ООО ""ЭЛЛИ""",3,508,True,False,False,False,False,False,0,0.0,0.0,0.0,0.0,0.0,0.0,0.0,0.0,0.0,1380378000,0,8947284000,5523423000,584633000,245087000,2593871000,0,8130629000,8947284000,487358000,584633000,2067840000,0,6691373000,8130629000,294494000,487358000,2322496000,0,4564878000,6691373000,177182000,294494000,0,0,0,0,0,0
7730189810,"ООО ""ПАТРИОТ ГРУПП""",96,713,True,False,False,False,False,False,0,0.0,0.0,0.0,0.0,0.0,0.0,24770667.73,0.0,0.0,52153000,0,861427000,651724000,63674000,42558000,967958000,0,1135112000,861427000,109149000,63674000,836820000,0,1373518000,1135112000,170617000,109149000,943774000,0,1815678000,1373518000,454707000,170617000,0,0,0,0,0,0
7448178920,"ООО ""ОКТАВИЯ""",199,644,True,False,False,False,False,False,28081830,0.0,0.0,0.0,0.0,0.0,0.0,0.0,0.0,0.0,0,0,212999000,182035000,0,0,0,0,418334000,212999000,0,0,0,0,380899000,418334000,0,0,0,0,523656000,380899000,0,0,0,0,0,0,0,0
7725459605,"ООО ""ЗДОРОВЬЕ СЕМЬИ""",35,575,True,False,False,False,False,False,0,0.0,0.0,0.0,0.0,0.0,0.0,0.0,0.0,0.0,0,0,233674000,132023000,0,0,0,0,594391000,233674000,0,0,4854000,0,1090448000,594391000,-183766000,-265720000,5535000,0,1553174000,1090448000,-266424000,-183766000,0,0,0,0,0,0
7804093368,"ООО ""РАМ""",36,260,True,False,False,False,False,False,0,0.0,0.0,0.0,0.0,0.0,0.0,0.0,0.0,0.0,0,0,677545000,518450000,0,0,0,0,818874000,677545000,0,0,34579000,0,1079719000,818874000,157973000,79707000,69426000,0,1186166000,1079719000,86812000,157973000,0,0,0,0,0,0
7718953235,"ООО""МИРОСЛАВИЕ""",35,524,True,False,False,False,False,False,0,0.0,0.0,0.0,0.0,0.0,0.0,0.0,0.0,0.0,13861000,0,287159000,385194000,7559000,6562000,8811000,0,309245000,287009000,10248000,7409000,5347000,0,567355000,309245000,14161000,10248000,0,0,475153000,567771000,0,0,0,0,0,0,0,0
7718977814,"ООО ""АВИЦЕННА ФАРМА №4""",35,731,True,False,False,False,False,False,0,0.0,0.0,0.0,0.0,0.0,0.0,0.0,0.0,0.0,90000,0,136354000,130502000,11526000,14076000,72000,0,154179000,136354000,14937000,11526000,53000,0,122237000,154179000,10046000,14937000,34000,0,158675000,122237000,13677000,10046000,0,0,0,0,0,0
7810886534,"ООО ""РТК""",153,616,True,False,False,False,False,False,265375243,0.0,0.0,0.0,0.0,0.0,0.0,0.0,0.0,0.0,6491000,0,530634000,263417000,34305000,15016000,5712000,0,534948000,530634000,19517000,34305000,4590000,0,954069000,534948000,80481000,19517000,21225000,0,999066000,954069000,117969000,80481000,0,0,0,0,0,0
7810133555,"ООО ""РМ ГРУПП""",152,659,True,False,False,False,False,False,0,0.0,0.0,0.0,0.0,0.0,0.0,0.0,0.0,0.0,5099000,0,3220830000,1814372000,37548000,13721000,3929000,0,867706000,3220830000,-10479000,37548000,79831000,0,1123173000,867706000,6342000,-10479000,81869000,0,1236702000,1123173000,20393000,6342000,0,0,0,0,0,0
7325114290,"ООО ""АГРОМАРКЕТ-СИМБИРСК""",192,652,True,False,False,False,False,False,13014071,0.0,0.0,0.0,0.0,0.0,0.0,0.0,0.0,0.0,13075000,0,808582000,760687000,51812000,44815000,18323000,0,1163994000,808582000,163238000,51812000,18482000,0,1027523000,1163994000,112451000,163238000,32759000,0,1017473000,1027523000,148667000,112451000,0,0,0,0,0,0
6318192584,"ООО ""СВ-ЦБТ""",151,566,True,False,False,False,False,False,3230538,0.0,0.0,0.0,0.0,0.0,0.0,0.0,0.0,0.0,0,0,470982000,477517000,-6564000,-12599000,0,0,560993000,470982000,-12600000,-6564000,6048000,0,605389000,560993000,-45410000,-12600000,14481000,0,509944000,605389000,-34882000,-45410000,0,0,0,0,0,0
7813249332,"ООО ""ДОКТРИНА-ИМПОРТ""",153,584,False,False,False,False,False,True,0,0.0,0.0,0.0,0.0,0.0,0.0,0.0,0.0,0.0,0,0,243242000,145259000,0,0,0,0,75246000,243242000,0,0,0,0,210962000,75246000,0,0,0,0,263901000,210962000,4021000,21191000,0,0,0,0,0,0
5044093227,"ООО ""СОЛСТЕК""",99,205,False,False,False,False,True,False,51979355,0.0,0.0,0.0,0.0,0.0,0.0,0.0,10000.0,0.0,120721000,0,782029000,938372000,14856000,152844000,189285000,0,1082076000,782029000,66415000,14856000,241215000,0,1152529000,1082076000,146487000,66415000,300994000,0,1144692000,1152529000,72005000,146487000,0,0,0,0,0,0
3306014630,"ООО ""ПО КОЛЬЧУГИНОПРОМСНАБ""",25,283,True,False,False,False,False,False,0,0.0,0.0,0.0,0.0,0.0,0.0,0.0,0.0,0.0,205194000,0,881676000,246307000,46107000,-25207000,220562000,0,2050210000,881676000,373360000,46107000,72864000,0,340978000,2050210000,76449000,373360000,48551000,0,141326000,340978000,-4193000,76449000,0,0,0,0,0,0
2312120113,"ООО ""ЭЗОИС-ЮГ""",73,335,False,True,False,False,False,False,64422017,0.0,0.0,0.0,0.0,0.0,0.0,0.0,0.0,0.0,338000,0,386938000,300579000,26401000,13105000,361000,0,327064000,386938000,10113000,26401000,1927000,0,702615000,327064000,51085000,10113000,2766000,0,323389000,702615000,-9082000,51085000,0,0,0,0,0,0
7602076698,"ООО ""ДИЗЕЛЬ ЭКСПОРТ""",210,331,True,False,False,False,False,False,38626140,0.0,0.0,0.0,0.0,0.0,0.0,0.0,0.0,0.0,2431000,0,355494000,422300000,21339000,34746000,8697000,0,378869000,355494000,33039000,21339000,28304000,0,367330000,378869000,25498000,33039000,41011000,0,344965000,367330000,14692000,25498000,0,0,0,0,0,0
5024152587,"ООО ""МЭЙДЖОРЭКСПЕРТКУЛОН""",99,444,False,False,False,True,False,False,0,0.0,0.0,0.0,0.0,0.0,0.0,0.0,0.0,0.0,0,0,199961000,184838000,0,0,0,0,204360000,199961000,0,0,0,0,215144000,204360000,0,0,0,0,181573000,215144000,0,0,0,0,0,0,0,0
6670137040,"ООО ""ТД ""НТК""",164,63,True,False,False,False,False,False,10000000,0.0,0.0,0.0,0.0,0.0,0.0,0.0,0.0,0.0,749000,0,317935000,278952000,21325000,22717000,709000,0,394186000,317935000,38537000,21325000,27848000,0,445098000,394186000,22029000,38537000,27731000,0,582265000,445098000,66201000,22029000,0,0,0,0,0,0
5403028061,"ООО ""ХОРОШИЙ СЕЗОН""",112,561,True,False,False,False,False,False,0,0.0,0.0,0.0,0.0,0.0,0.0,0.0,0.0,0.0,0,0,98980000,121208000,6945000,8102000,0,0,12694000,98980000,1101000,6945000,0,0,14132000,12694000,1085000,1101000,0,0,46877000,14132000,3564000,1085000,0,0,0,0,0,0
3913013894,"ООО ""ЧЕСТНЫЙ ЧЕК""",52,132,True,False,False,False,False,False,55830,0.0,0.0,0.0,0.0,0.0,0.0,0.0,0.0,0.0,100033000,0,306815000,313446000,4024000,7457000,84173000,0,113838000,306815000,6230000,4024000,72744000,0,130503000,113838000,4497000,6230000,60533000,0,121737000,130503000,27490000,4497000,0,0,0,0,0,0
7729691694,"ООО ""ПОБЕДА""",35,538,True,False,False,False,False,False,6986402,0.0,0.0,0.0,0.0,0.0,0.0,0.0,0.0,0.0,0,0,330760000,365312000,22057000,12138000,2676000,0,531091000,330760000,416000,22057000,2307000,0,489767000,531091000,15780000,416000,291000,0,404177000,489767000,847000,15780000,0,0,0,0,0,0
7804073989,"ООО ""Т.С.Н.""",36,139,False,False,False,False,True,False,0,0.0,0.0,0.0,0.0,0.0,0.0,0.0,0.0,0.0,7150000,0,2138991000,1343970000,244654000,85819000,103940000,0,2196531000,2138991000,160673000,244654000,98242000,0,1990191000,2196531000,153633000,160673000,112762000,0,2758636000,1990191000,282823000,153633000,0,0,0,0,0,0
6165076348,"ООО ""ПЛАСТ-СЕРВИС ПЛЮС""",144,644,True,False,False,False,False,False,456921,0.0,0.0,0.0,0.0,0.0,0.0,0.0,0.0,0.0,21095000,0,907864000,758618000,10615000,6631000,66902000,0,976022000,907864000,4589000,10615000,56856000,0,1011165000,1000733000,-718000,6511000,53889000,0,1114377000,1011165000,2872000,-718000,0,0,0,0,0,0
7723844908,"ООО ""ФАРМИНЖИНИРИНГ""",35,644,True,False,False,False,False,False,16168790,0.0,0.0,0.0,0.0,0.0,0.0,0.0,15000.0,5000.0,24087000,0,666415000,186570000,65204000,21852000,15392000,0,300564000,666415000,10938000,65204000,10269000,0,237102000,300564000,484000,10938000,7224000,0,311796000,237102000,12369000,484000,0,0,0,0,0,0
2260003007,"ООО ""НОВИЧИХА ЛЕС""",3,2,True,False,False,False,False,False,638825,0.0,0.0,0.0,0.0,0.0,0.0,0.0,0.0,0.0,75206000,0,410095000,296848000,16826000,-1404000,138105000,0,329869000,410095000,-32266000,16826000,93191000,0,302968000,329869000,-56668000,-32266000,73504000,0,365134000,302968000,-351000,-56668000,0,0,0,0,0,0
6166086003,"ООО ""ШАХИНТЕКС ИНТЕРНЕШНЛ КОМПАНИ""",143,93,True,False,False,False,False,False,0,0.0,0.0,0.0,0.0,0.0,0.0,2857170.3,0.0,0.0,92657000,0,216907000,202022000,40676000,48844000,89977000,0,248113000,216907000,36020000,40676000,88911000,0,431019000,248113000,62565000,36020000,179617000,0,569023000,431019000,83241000,62565000,0,0,0,0,0,0
3811999477,"ООО ""ИНВЕСТМАШСЕРВИС""",47,610,True,False,False,False,False,False,48019922,0.0,0.0,0.0,0.0,0.0,0.0,134.41,0.0,0.0,0,0,329595000,250820000,0,0,0,0,426422000,329595000,0,0,0,0,611981000,426422000,0,0,0,0,628320000,611981000,0,0,0,0,0,0,0,0
7718643956,"ООО ""АМКОДОР-ЦЕНТР""",98,610,True,False,False,False,False,False,1967013868,0.0,0.0,0.0,0.0,0.0,0.0,2129506.83,0.0,0.0,20303000,0,928691000,622222000,27630000,18667000,84292000,0,1860208000,928691000,56501000,27630000,227220000,0,1525542000,1860208000,110866000,50653000,190388000,0,1859968000,1525542000,166278000,110866000,0,0,0,0,0,0
3663065939,"ООО ""ПКФ ИМПУЛЬССТРОЙ""",34,95,True,False,False,False,False,False,0,0.0,0.0,0.0,0.0,0.0,0.0,0.0,0.0,0.0,889000,0,204050000,155020000,16333000,6371000,5075000,0,204721000,204050000,26896000,16333000,6247000,0,224522000,204721000,19115000,26896000,5331000,0,254460000,224522000,17281000,19115000,0,0,0,0,0,0
7710155308,"ООО ""ТАЙРИКУ МОСКВА ЛТД""",35,575,True,False,False,False,False,False,78568913,0.0,0.0,0.0,0.0,0.0,0.0,0.0,0.0,0.0,0,0,137085000,140996000,8736000,9369000,0,0,76444000,137085000,3736000,8736000,342000,0,98563000,76444000,4235000,3736000,1544000,0,92876000,98563000,7212000,4235000,0,0,0,0,0,0
3444037833,"ООО ""КОНСТАНТА-2""",28,196,True,False,False,False,False,False,25136755,0.0,0.0,0.0,0.0,0.0,0.0,0.0,0.0,0.0,59499000,0,212117000,185490000,33653000,17038000,59082000,0,265442000,212117000,32781000,33653000,91093000,0,357593000,265442000,84257000,32781000,95932000,0,402958000,357593000,55031000,84257000,0,0,0,0,0,0
2704024530,"ООО ""ДОБРЫЙ ВЕЧЕР""",193,679,True,False,False,False,False,False,0,0.0,0.0,0.0,0.0,0.0,0.0,0.0,0.0,0.0,0,0,142189000,0,0,0,0,0,40899000,144857000,0,0,0,0,37446000,40899000,0,0,0,0,51853000,0,0,0,0,0,0,0,0,0
5904228551,"ООО ""РЭПН""",125,623,True,False,False,False,False,False,0,0.0,0.0,0.0,0.0,0.0,0.0,0.0,0.0,0.0,29351000,0,690032000,715062000,147722000,151534000,84385000,0,1071591000,690032000,263899000,147722000,74508000,0,1906459000,1071591000,465215000,263899000,172710000,0,1562287000,1906459000,448877000,465215000,0,0,0,0,0,0
7724535028,"ООО  ""ТЕХНО ГРУПП ВМ""",99,653,True,False,False,False,False,False,495519436,0.0,0.0,0.0,0.0,0.0,0.0,0.0,0.0,0.0,14706000,0,29099000,395997000,691000,6629000,9196000,0,16465000,29099000,-21288000,691000,2101000,0,54912000,16465000,-3689000,-21288000,138000,0,50833000,54912000,-1090000,-3689000,0,0,0,0,0,0
6165197342,"ООО ""ЮГ ФАРМА ПЛЮС""",145,731,False,True,False,False,False,False,0,0.0,0.0,0.0,0.0,0.0,0.0,0.0,0.0,0.0,336000,0,533051000,544351000,23066000,33198000,44341000,0,585013000,533051000,31763000,23066000,44506000,0,591720000,585013000,26603000,31763000,51747000,0,635518000,591720000,35703000,26603000,0,0,0,0,0,0
7736523644,"ООО ""НАВИГАТОР-Т""",96,661,True,False,False,False,False,False,2453917467,0.0,0.0,0.0,0.0,0.0,0.0,0.0,0.0,0.0,22084000,0,239668000,258927000,11877000,6077000,19542000,0,219620000,239668000,10828000,11877000,16568000,0,222042000,219620000,23659000,10829000,18367000,0,279103000,222042000,37358000,23659000,0,0,0,0,0,0
2305028357,"ООО ""СБСВ-КЛЮЧАВТО РОСТОВ""",73,447,False,False,False,False,True,False,64879832,0.0,0.0,0.0,0.0,0.0,0.0,0.0,0.0,0.0,18862000,0,2041748000,1430483000,183127000,60205000,60474000,0,636160000,2041748000,-3130000,183127000,29221000,0,72640000,636160000,13168000,-3130000,32588000,0,60556000,72640000,3403000,13168000,0,0,0,0,0,0
5024124501,"ООО ""СЦ МЭЙДЖОР М9""",99,453,True,False,False,False,False,False,12748000,0.0,0.0,0.0,0.0,0.0,0.0,0.0,0.0,0.0,6227815000,0,11642000,2210557000,256000,1584179000,0,0,9903000,11642000,0,0,0,0,42000,9903000,0,0,0,0,0,42000,-18242000,-178000,0,0,0,0,0,0
6832001060,"АО ""ДЕМЕТРА""",175,42,True,False,False,False,False,False,2660892,0.0,0.0,0.0,0.0,0.0,0.0,0.0,0.0,0.0,80749000,0,1933997000,1775710000,27721000,67280000,78325000,0,2065566000,1933997000,107602000,27721000,131062000,0,1674292000,2065566000,11869000,107602000,138877000,0,1953334000,1674292000,82050000,11869000,0,0,0,0,0,0
5018201268,"ООО ""САН-СТУДИЯ""",97,700,True,False,False,False,False,False,0,0.0,0.0,0.0,0.0,0.0,0.0,0.0,0.0,0.0,929000,0,75290000,197968000,-6086000,25251000,0,0,165327000,75290000,0,0,0,0,149770000,165327000,0,0,0,0,111911000,149770000,0,0,0,0,0,0,0,0
3528107082,"ООО ""АЛЕКС""",31,681,True,False,False,False,False,False,0,0.0,0.0,0.0,0.0,0.0,0.0,0.0,0.0,0.0,0,0,185886000,267356000,10160000,4543000,0,0,160275000,185886000,6293000,10160000,0,0,118004000,160275000,1063000,6293000,0,0,91650000,118004000,-6698000,1063000,0,0,0,0,0,0
5024196496,"ООО ""РИГАТРЕЙДАВТО""",99,447,False,False,False,True,False,False,0,0.0,0.0,0.0,0.0,0.0,0.0,0.0,0.0,0.0,0,0,134312000,135820000,0,0,0,0,188039000,134312000,0,0,0,0,233750000,188039000,0,0,0,0,0,0,0,0,0,0,0,0,0,0
1656060661,"ООО ""ПКФ-УПАКОВКА""",142,172,True,False,False,False,False,False,0,0.0,0.0,0.0,0.0,0.0,0.0,0.0,0.0,0.0,8264000,0,760880000,869961000,964000,1318000,36617000,0,707639000,760880000,1452000,964000,34670000,0,531571000,707639000,1299000,1452000,28435000,0,298804000,531571000,1564000,1299000,0,0,0,0,0,0
5038051518,"ООО ""ЭКОНОМ""",99,731,False,False,False,False,True,False,2999,0.0,0.0,0.0,0.0,0.0,0.0,0.0,0.0,0.0,0,0,212485000,252543000,0,0,0,0,192116000,212485000,0,0,0,0,158301000,192116000,0,0,0,0,131965000,158301000,0,0,0,0,0,0,0,0
6829126623,"ООО ""ОСИРИС""",174,531,True,False,False,False,False,False,0,0.0,0.0,0.0,0.0,0.0,0.0,0.0,0.0,0.0,182427000,0,3234349000,5879107000,-183898000,42172000,321775000,0,3279859000,3234349000,-1470234000,-183898000,283569000,0,4596376000,3279859000,1013418000,-1470234000,275162000,0,13211603000,4596376000,890928000,1013418000,0,0,0,0,0,0
7203502418,"ООО ""ТАВАБИЛКО""",189,700,True,False,False,False,False,False,0,0.0,0.0,0.0,0.0,0.0,0.0,0.0,0.0,0.0,2674000,0,4143134000,639657000,28527000,-3490000,38428000,0,3235791000,4143134000,21154000,28527000,20280000,0,2895129000,3235791000,-12373000,21154000,20005000,0,3149389000,2895129000,-7361000,-12373000,0,0,0,0,0,0
7806401843,"ООО ""СВЕТ-ОФОР""",152,661,True,False,False,False,False,False,1250495,0.0,0.0,0.0,0.0,0.0,0.0,0.0,0.0,0.0,0,0,247364000,154541000,0,0,0,0,160393000,247364000,0,0,0,0,202408000,160393000,0,0,0,0,239605000,202408000,0,0,0,0,0,0,0,0
2308184410,"ООО ""ИНДУСТРИЯ СТРОИТЕЛЬСТВА""",73,481,True,False,False,False,False,False,0,0.0,0.0,0.0,0.0,0.0,0.0,0.0,0.0,0.0,11640000,0,356077000,357762000,3025000,2998000,0,0,351449000,356077000,0,0,0,0,318065000,351449000,0,0,0,0,472841000,318065000,0,0,0,0,0,0,0,0
2721191154,"ООО ""ПИАФ КОМПАНИ""",95,578,True,False,False,False,False,False,0,0.0,0.0,0.0,0.0,0.0,0.0,0.0,0.0,0.0,0,0,111485000,165706000,0,0,0,0,86150000,111485000,0,0,0,0,142880000,86150000,0,0,0,0,86474000,142880000,0,0,0,0,0,0,0,0
2222022030,"ЗАО ""СОЮЗМУКА""",3,43,True,False,False,False,False,False,5171500,0.0,0.0,0.0,0.0,0.0,0.0,0.0,0.0,0.0,70205000,0,1067891000,936749000,40749000,19106000,94589000,0,1178930000,1067891000,110218000,40749000,107075000,0,1036975000,1178930000,76598000,110218000,150932000,0,1185335000,1036975000,99671000,76598000,0,0,0,0,0,0
4205031134,"ООО ""БЭМЗ - 1""",62,335,True,False,False,False,False,False,2191071142,0.0,0.0,0.0,0.0,0.0,0.0,0.0,0.0,0.0,30860000,0,421982000,336789000,26963000,18022000,37965000,0,452183000,421982000,37963000,26963000,47485000,0,449697000,452183000,30891000,37963000,52274000,0,413601000,449697000,10858000,30891000,0,0,0,0,0,0
7814627668,"ООО ""ЖЕЛТЫЙ КАРЛИК""",36,575,False,False,False,False,True,False,84560586,0.0,0.0,0.0,0.0,0.0,0.0,0.0,0.0,0.0,0,0,109537000,139903000,0,0,0,0,214023000,109537000,0,0,0,0,43633000,214023000,0,0,0,0,35146000,43633000,0,0,0,0,0,0,0,0
2311108272,"ООО ""ПРОМЫШЛЕННИК""",73,610,True,False,False,False,False,False,6725600,0.0,0.0,0.0,0.0,0.0,0.0,0.0,0.0,0.0,10068000,0,1194666000,746967000,158261000,34979000,20988000,0,1346606000,1194666000,118450000,158261000,24667000,0,1780108000,1346606000,188960000,118450000,40529000,0,1942873000,1780108000,197802000,188960000,0,0,0,0,0,0
6163140125,"ООО ""НОВЫЙ МИР - ХОЛДИНГ""",144,661,True,False,False,False,False,False,721441,0.0,0.0,0.0,0.0,0.0,0.0,0.0,0.0,0.0,50887000,0,240122000,188914000,50135000,21417000,133210000,0,327200000,240122000,54080000,50135000,154746000,0,189067000,327200000,10850000,54080000,183448000,0,117974000,189067000,10560000,10850000,0,0,0,0,0,0
9705089149,"ООО ""ТИПОГРАФИЯ МЕГАФЛЕКС""",96,142,True,False,False,False,False,False,0,0.0,0.0,0.0,0.0,0.0,0.0,0.0,0.0,0.0,17566000,0,161379000,153234000,2685000,6706000,21985000,0,357836000,161379000,27559000,2685000,15044000,0,244740000,357836000,34642000,27559000,8102000,0,221609000,244740000,26560000,34642000,0,0,0,0,0,0
5007108683,"ООО ""МИРГЛАСС""",99,570,True,False,False,False,False,False,0,0.0,0.0,0.0,0.0,0.0,0.0,0.0,0.0,0.0,0,0,125213000,90443000,2103000,707000,0,0,350493000,125213000,9128000,2103000,0,0,301348000,350493000,5105000,9128000,0,0,71708000,301348000,-505000,5105000,0,0,0,0,0,0
9102010004,"ООО ""РУСБЕЛ-ЮГ""",137,573,True,False,False,False,False,False,0,0.0,0.0,0.0,0.0,0.0,0.0,0.0,0.0,0.0,5826000,0,316357000,323300000,-216000,-3949000,4252000,0,472616000,316357000,23713000,-216000,3554000,0,475093000,472616000,-3287000,23713000,3757000,0,564916000,475093000,5112000,-3287000,0,0,0,0,0,0
9704011855,"ООО ""БР ГРУПП""",96,528,False,True,False,False,False,False,0,0.0,0.0,0.0,0.0,0.0,0.0,0.0,52000.0,52000.0,116000,0,134223000,138955000,8783000,141000,118000,0,175294000,134223000,2585000,8783000,2402000,0,38879000,175294000,-11013000,2585000,0,0,0,0,0,0,0,0,0,0,0,0
3523021709,"ООО ""ГК ДАКАР""",31,447,True,False,False,False,False,False,0,0.0,0.0,0.0,0.0,0.0,0.0,0.0,0.0,0.0,79495000,0,1180102000,737765000,23598000,31192000,81007000,0,797201000,1180102000,3288000,23598000,116872000,0,1760902000,797201000,-99020000,3288000,104620000,0,2362350000,1723239000,-205022000,-91760000,0,0,0,0,0,0
7714358147,"ООО ""МАСЛА И СМАЗКИ""",96,625,True,False,False,False,False,False,141735810,0.0,0.0,0.0,0.0,0.0,0.0,0.0,0.0,0.0,7989000,0,163454000,188838000,4496000,-11163000,5798000,0,256360000,163454000,66984000,4496000,7516000,0,295231000,256360000,20222000,66984000,0,0,205152000,295231000,0,0,0,0,0,0,0,0
6686056319,"ООО ""СТРОЙ-КОМПЛЕКТ""",164,481,True,False,False,False,False,False,0,0.0,0.0,0.0,0.0,0.0,0.0,0.0,0.0,0.0,355000,0,584576000,587415000,2332000,1075000,513000,0,603801000,584576000,2509000,2332000,274000,0,309549000,603801000,169000,2509000,0,0,269827000,309518000,0,0,0,0,0,0,0,0
2465162015,"ООО ""БУРТЕХПРОМ""",74,616,True,False,False,False,False,False,6952153,0.0,0.0,0.0,0.0,0.0,0.0,0.0,0.0,0.0,0,0,180383000,120920000,38176000,24215000,0,0,305536000,180383000,82461000,38176000,0,0,363639000,305536000,59652000,82461000,0,0,360235000,363639000,66739000,59652000,0,0,0,0,0,0
7724922549,"ООО ""ФРАМ""",96,546,True,False,False,False,False,False,0,0.0,0.0,0.0,0.0,0.0,0.0,0.0,0.0,0.0,1532000,0,1969094000,1779037000,70147000,113371000,1259000,0,1560022000,1969094000,64334000,70147000,1552000,0,1652229000,1560022000,82199000,64334000,1249000,0,1506974000,1652229000,94919000,82199000,0,0,0,0,0,0
5261055814,"ООО""ТЭ""",104,318,True,False,False,False,False,False,293857430,0.0,0.0,0.0,0.0,0.0,0.0,0.0,0.0,0.0,94144000,0,415408000,382389000,5903000,11393000,106910000,0,855333000,415408000,14179000,5903000,195876000,0,1137455000,855333000,184423000,14179000,418480000,0,845427000,1137455000,318653000,184423000,0,0,0,0,0,0
7729754778,"ООО ""ПРОМКОМПЛЕКТ СИНТЕЗ""",96,614,False,True,False,False,False,False,0,0.0,0.0,0.0,0.0,0.0,0.0,0.0,0.0,0.0,1080000,0,7536559000,2943442000,1939148000,705465000,899000,0,14755172000,7536559000,3759117000,1939148000,51361000,0,4551092000,14755172000,1204529000,3759117000,0,0,0,0,0,0,0,0,0,0,0,0
7701692916,"ООО ""РЭЙЛТЕХ""",35,614,True,False,False,False,False,False,2539514624,0.0,0.0,0.0,0.0,0.0,0.0,0.0,0.0,0.0,15358000,0,4604979000,2777492000,451411000,311625000,21854000,0,7664770000,4604979000,1213358000,451411000,12235000,0,13398143000,7664770000,2196785000,1213358000,833260000,0,12171767000,13398143000,1861247000,2196785000,0,0,0,0,0,0
2204058154,"ООО ""ОМЕГА""",112,731,False,True,False,False,False,False,0,0.0,0.0,0.0,0.0,0.0,0.0,0.0,0.0,0.0,10591000,0,636766000,544982000,7263000,10591000,69426000,0,831558000,636766000,18249000,7263000,65896000,0,878042000,831558000,13215000,18249000,0,0,0,0,0,0,0,0,0,0,0,0
7839101926,"ООО ""МАКСВУД""",152,638,True,False,False,False,False,False,0,0.0,0.0,0.0,0.0,0.0,0.0,0.0,0.0,0.0,0,0,491121000,380355000,0,0,0,0,569410000,491121000,0,0,122000,0,610979000,569410000,15286000,54327000,70000,0,903909000,610979000,49136000,15286000,0,0,0,0,0,0
7729653297,"ООО ""СИТНО-ПРОДУКТ""",35,518,True,False,False,False,False,False,359235899,0.0,0.0,0.0,0.0,0.0,0.0,0.0,0.0,0.0,5888000,0,221239000,201168000,5189000,-5859000,5128000,0,239657000,221239000,4371000,5189000,2745000,0,261938000,239657000,625000,4371000,11224000,0,336080000,261938000,190000,625000,0,0,0,0,0,0
1658217406,"ООО ""СТАРТ""",142,260,True,False,False,False,False,False,0,0.0,0.0,0.0,0.0,0.0,0.0,13151926.62,0.0,0.0,0,0,335729000,527485000,-85000,839000,0,0,282715000,335729000,0,0,0,0,284838000,282715000,0,0,0,0,234821000,284838000,0,0,0,0,0,0,0,0
7729743913,"ООО ""ТПК ""ТАТКРАФТ""",96,557,True,False,False,False,False,False,0,0.0,0.0,0.0,0.0,0.0,0.0,10694991.85,0.0,0.0,767000,0,542807000,483636000,55539000,81162000,632000,0,802168000,542807000,67494000,55539000,4311000,0,542826000,802168000,49649000,67494000,3189000,0,678134000,542826000,52062000,49649000,0,0,0,0,0,0
3521005772,"ООО ""ХАРОВСКИЙ ЛЕС""",31,115,True,False,False,False,False,False,2748420,0.0,0.0,0.0,0.0,0.0,0.0,0.0,0.0,0.0,0,0,190533000,127405000,0,0,0,0,147335000,190533000,0,0,0,0,125837000,147335000,0,0,0,0,188215000,125837000,0,0,0,0,0,0,0,0
7801595112,"ООО ""НЕФТЕХИМКОМПЛЕКТ""",153,625,True,False,False,False,False,False,241202000,0.0,0.0,0.0,0.0,0.0,0.0,0.0,0.0,0.0,4648000,0,7410724000,6683933000,47134000,72715000,29978000,0,29054544000,7410724000,544296000,47134000,41526000,0,29836749000,29054544000,1092685000,544296000,30727000,0,24528409000,29836749000,260889000,1092495000,0,0,0,0,0,0
2632812233,"ООО ""СТЕКЛОЦЕНТР-МЕМ""",172,638,True,False,False,False,False,False,0,0.0,0.0,0.0,0.0,0.0,0.0,0.0,500.0,500.0,0,0,148361000,304626000,0,0,0,0,128446000,148361000,0,0,0,0,131660000,128446000,0,0,0,0,152051000,131660000,0,0,0,0,0,0,0,0
7703272868,"ООО ""ИМИДЖ ИНВЕНТОР""",35,425,True,False,False,False,False,False,0,0.0,0.0,0.0,0.0,0.0,0.0,0.0,0.0,0.0,0,0,163805000,123605000,0,0,0,0,165361000,163805000,0,0,0,0,190284000,165361000,0,0,0,0,204594000,190284000,0,0,0,0,0,0,0,0
7814276233,"ООО ""ТК ""ПЕТРОЛ ГРУПП""",36,627,True,False,False,False,False,False,324000,0.0,0.0,0.0,0.0,0.0,0.0,0.0,0.0,0.0,0,0,209302000,155447000,0,0,0,0,195057000,209302000,0,0,0,0,214203000,195057000,0,0,0,0,231836000,214203000,0,0,0,0,0,0,0,0
6162077689,"ООО ""МАСТЕР-ПРО ДОН""",145,488,True,False,False,False,False,False,0,0.0,0.0,0.0,0.0,0.0,0.0,0.0,0.0,0.0,214000,0,258808000,207323000,6937000,4084000,132000,0,257182000,258808000,5751000,6937000,56000,0,325191000,257182000,10043000,5751000,8000,0,388610000,325191000,40380000,10043000,0,0,0,0,0,0
6679040340,"ООО ""САЙВЕРХОТ""",164,273,True,False,False,False,False,False,88841638,0.0,0.0,0.0,0.0,0.0,0.0,0.0,0.0,0.0,37481000,0,1567020000,1213082000,21580000,3723000,37611000,0,1146265000,1567020000,71727000,21580000,25681000,0,13376000,1146265000,-5057000,71727000,25436000,0,88927000,13376000,-664000,-5057000,0,0,0,0,0,0
5018014878,"ООО НПФ ""ОРТО-КОСМОС""",98,436,True,False,False,False,False,False,1578865870,0.0,0.0,0.0,0.0,0.0,0.0,0.0,10000.0,0.0,34286000,0,620685000,561913000,104331000,109068000,28860000,0,667604000,620685000,110569000,104331000,18832000,0,753015000,667604000,103005000,110569000,81669000,0,1083931000,753015000,206663000,103005000,0,0,0,0,0,0
7708714830,"ООО ""ТЕХМЕТ""",35,661,True,False,False,False,False,False,113723097,0.0,0.0,0.0,0.0,0.0,0.0,0.0,0.0,0.0,2158000,0,371593000,311499000,77800000,71961000,2299000,0,347333000,371593000,81306000,77800000,1580000,0,456776000,347333000,102628000,81306000,654000,0,589107000,456776000,130193000,102628000,0,0,0,0,0,0
6658319982,"ООО ""АРТЕМОВСК-ГАЗСЕРВИС""",164,625,True,False,False,False,False,False,74145547,0.0,0.0,0.0,0.0,0.0,0.0,0.0,0.0,0.0,4223000,0,511253000,379882000,8074000,11898000,2780000,0,554808000,511253000,32253000,8074000,1746000,0,780345000,554808000,20834000,32253000,18755000,0,983784000,780345000,20805000,20834000,0,0,0,0,0,0
5610077966,"ООО ""ЗОЛОТАЯ НИВА""",118,510,True,False,False,False,False,False,40681806,0.0,0.0,0.0,0.0,0.0,0.0,0.0,0.0,0.0,3773000,0,424523000,391846000,10997000,3756000,30491000,0,345813000,424523000,12239000,10997000,29975000,0,328424000,345813000,7015000,12239000,22701000,0,348245000,328424000,5893000,7015000,0,0,0,0,0,0
5249145645,"ООО ""ТРЕЙДЛОГИСТИК""",106,536,True,False,False,False,False,False,0,0.0,0.0,0.0,0.0,0.0,0.0,0.0,0.0,0.0,7541000,0,1204862000,1472339000,11978000,5216000,5070000,0,2247494000,1204862000,24979000,12228000,2685000,0,2295718000,2247494000,-17414000,24979000,376000,0,614757000,2295718000,-14996000,-17414000,0,0,0,0,0,0
5611056662,"ООО ""ПРОФИТ""",118,731,True,False,False,False,False,False,0,0.0,0.0,0.0,0.0,0.0,0.0,0.0,0.0,0.0,0,0,133355000,131697000,0,0,0,0,124932000,133355000,0,0,0,0,108443000,124932000,0,0,0,0,0,108443000,0,0,0,0,0,0,0,0
7840322535,"ООО ""СТОД""",36,121,False,False,True,False,False,False,882886,0.0,0.0,0.0,0.0,0.0,0.0,386351331.86,10000.0,0.0,19866792000,0,14531851000,6521672000,4237734000,-103000,19858002000,0,7656161000,14531851000,-1134741000,4237734000,18892173000,0,6895800000,7656161000,-2019909000,-1134741000,0,0,8954030000,6895800000,-878343000,-2019909000,0,0,0,0,0,0
7017452826,"ООО ""МЕРКУРИЙ""",182,544,True,False,False,False,False,False,0,0.0,0.0,0.0,0.0,0.0,0.0,1689.91,0.0,0.0,0,0,204305000,172058000,0,0,0,0,186271000,204305000,0,0,0,0,193558000,186271000,0,0,0,0,251361000,193558000,0,0,0,0,0,0,0,0
1658215590,"ООО ""ИНСАЙТ""",177,625,True,False,False,False,False,False,0,0.0,0.0,0.0,0.0,0.0,0.0,0.0,0.0,0.0,23882000,0,1092846000,661237000,6841000,8104000,328000,0,1162673000,1092846000,11059000,6841000,10605000,0,2013491000,1162673000,21181000,11059000,5773000,0,2052549000,2013491000,18712000,21181000,0,0,0,0,0,0
5031008224,"АО ""ЭТАЛОН""",99,273,True,False,False,False,False,False,58492072,0.0,0.0,0.0,0.0,0.0,0.0,0.0,20000.0,20000.0,38080000,0,411688000,360061000,5846000,12637000,63170000,0,383403000,411688000,7875000,5846000,63779000,0,376133000,383403000,-3999000,7875000,73940000,0,330676000,376133000,1991000,-3999000,0,0,0,0,0,0
2365018057,"ООО ""ЭДКОМ""",73,519,True,False,False,False,False,False,0,0.0,0.0,0.0,0.0,0.0,0.0,0.0,0.0,0.0,2584000,0,324051000,285591000,-3965000,-8178000,2584000,0,29976000,324051000,6640000,-3965000,2584000,0,42423000,29976000,4866000,6640000,2584000,0,5382000,42423000,-626000,4866000,0,0,0,0,0,0
3662274880,"ООО ""АКЦЕНТАГРОСНАБ""",34,529,True,False,False,False,False,False,0,0.0,0.0,0.0,0.0,0.0,0.0,0.0,0.0,0.0,6745000,0,283398000,321876000,2334000,3372000,0,0,106992000,283398000,2244000,2334000,0,0,53947000,106992000,1572000,2244000,0,0,60605000,53947000,1091000,1572000,0,0,0,0,0,0
7703443520,"ООО ""ТАЛАН""",96,506,False,False,True,False,False,False,0,0.0,0.0,0.0,0.0,0.0,0.0,369610623.65,0.0,0.0,0,0,632795000,224943000,53597000,29858000,0,0,851505000,632795000,33210000,53597000,0,0,230678000,851505000,10303000,33210000,0,0,230678000,230678000,10303000,10303000,0,0,0,0,0,0
2311074506,"ООО ""ЮГ-ОЙЛ-СЕРВИС""",73,690,True,False,False,False,False,False,329420946,0.0,0.0,0.0,0.0,0.0,0.0,0.0,0.0,0.0,0,0,420503000,261135000,4827000,3807000,119000,0,284358000,420503000,6359000,4827000,119000,0,302793000,284358000,5271000,6359000,119000,0,317630000,302793000,7593000,5271000,0,0,0,0,0,0
1326228436,"ООО ""ЛОМТОРГМАРКЕТ""",96,659,True,False,False,False,False,False,0,0.0,0.0,0.0,0.0,0.0,0.0,774716.51,0.0,0.0,5068000,0,2217511000,856362000,36978000,12088000,937000,0,324940000,2217511000,-5189000,36978000,78000,0,725058000,324940000,16404000,-5189000,0,0,0,0,0,0,0,0,0,0,0,0
6168079731,ООО ТД <<АВТОЗАПЧАСТЬ ЮГ>>,145,459,True,False,False,False,False,False,367484,0.0,0.0,0.0,0.0,0.0,0.0,0.0,0.0,0.0,640000,0,313657000,243934000,12920000,3758000,438000,0,340395000,313657000,18905000,12920000,281000,0,443967000,340395000,13466000,18905000,161000,0,423870000,443967000,7439000,13466000,0,0,0,0,0,0
7715712954,"ООО ""АРСТ""",96,661,True,False,False,False,False,False,0,0.0,0.0,0.0,0.0,0.0,0.0,0.0,0.0,0.0,4988000,0,2652078000,1860641000,284399000,149364000,8619000,0,3297978000,2652078000,332669000,284399000,4105000,0,3455627000,3297978000,296023000,332669000,163821000,0,3700429000,3455627000,207058000,296023000,0,0,0,0,0,0
7726354813,"ООО ""ТЕКСБУМ""",96,88,True,False,False,False,False,False,0,0.0,0.0,0.0,0.0,0.0,0.0,0.0,0.0,0.0,0,0,276865000,214172000,0,0,0,0,319016000,276865000,0,0,0,0,662240000,319016000,0,0,0,0,841854000,662240000,0,0,0,0,0,0,0,0
7701015167,"ЗАО ""СТРОЙМАШСЕРВИС""",35,614,True,False,False,False,False,False,35370443,0.0,0.0,0.0,0.0,0.0,0.0,0.0,0.0,0.0,64688000,0,1713920000,1140145000,134654000,88709000,150657000,0,2580413000,1713920000,429142000,134654000,118927000,0,2912546000,2580413000,373008000,429142000,77059000,0,3034715000,2912546000,304711000,373008000,0,0,0,0,0,0
7707369902,"ООО ""МЕРКАД""",96,164,True,False,False,False,False,False,0,0.0,0.0,0.0,0.0,0.0,0.0,379564.68,0.0,0.0,0,0,256746000,258349000,0,0,0,0,97872000,256746000,0,0,0,0,90090000,97872000,0,0,0,0,51144000,90090000,0,0,0,0,0,0,0,0
7714247775,"ООО ""ГАЛИКА-МЕТ""",99,608,False,False,True,False,False,False,1441395549,0.0,0.0,0.0,0.0,0.0,0.0,1365014.43,17511.18,17511.18,5867000,0,1714586000,1624239000,90446000,177392000,7591000,0,126648000,1714586000,-201931000,124372000,4101000,0,47508000,126648000,-3364000,-201931000,4101000,0,0,47508000,0,-3364000,0,0,0,0,0,0
2124039653,"ООО ""АВТОРЕАЛ""",203,459,True,False,False,False,False,False,160312,0.0,0.0,0.0,0.0,0.0,0.0,0.0,0.0,0.0,313000,0,202944000,150804000,14948000,8081000,63000,0,172073000,202944000,2409000,14948000,1000,0,143195000,172073000,1677000,2409000,1000,0,129080000,143195000,3225000,1677000,0,0,0,0,0,0
9715282575,"ООО ""СУПРИМ""",35,599,True,False,False,False,False,False,0,0.0,0.0,0.0,0.0,0.0,0.0,0.0,0.0,0.0,1339000,0,699061000,540895000,171021000,155667000,2000000,0,363969000,699061000,53339000,171021000,1032000,0,464324000,363969000,147962000,53339000,3148000,0,159952000,464324000,15462000,147962000,0,0,0,0,0,0
6143065254,"ООО ""МИЛА""",145,661,False,False,False,False,True,False,0,0.0,0.0,0.0,0.0,0.0,0.0,0.0,0.0,0.0,0,0,195539000,124990000,0,0,0,0,127351000,195539000,0,0,0,0,106440000,127351000,0,0,0,0,149276000,106440000,0,0,0,0,0,0,0,0
9705054650,"ООО ""НАТАН""",35,543,True,False,False,False,False,False,0,0.0,0.0,0.0,0.0,0.0,0.0,2159492.63,2206246.68,2206246.68,0,0,244687000,172095000,3023000,3616000,0,0,335573000,244687000,0,0,0,0,399496000,335573000,0,0,0,0,0,0,0,0,0,0,0,0,0,0
3664104281,"ООО ""ИНВИТРО-ВОРОНЕЖ""",34,718,True,False,False,False,False,False,17451032,0.0,0.0,0.0,0.0,0.0,0.0,0.0,0.0,0.0,42579000,0,2696245000,1833009000,441734000,271729000,237404000,0,2501234000,2696245000,210777000,441734000,216984000,0,2925781000,2501234000,387611000,210777000,531518000,0,3629682000,2925781000,617480000,387611000,0,0,0,0,0,0
7456018889,"ООО ""РУБЦОВСК-ТОРГ1""",198,663,True,False,False,False,False,False,0,0.0,0.0,0.0,0.0,0.0,0.0,0.0,0.0,0.0,0,0,123356000,125389000,0,0,0,0,152698000,123356000,0,0,0,0,133892000,152698000,0,0,0,0,115096000,133892000,0,0,0,0,0,0,0,0
7704245553,"ЗАО ""УНИГРА""",35,661,True,False,False,False,False,False,0,0.0,0.0,0.0,0.0,0.0,0.0,0.0,0.0,0.0,18460000,0,2169768000,1643492000,38834000,2942000,1756000,0,2609200000,2169768000,442417000,38834000,19585000,0,3021740000,2609200000,94698000,442417000,27082000,0,2777921000,3021740000,57353000,94698000,0,0,0,0,0,0
7705866585,"ООО ""УМС РУС""",35,619,True,False,False,False,False,False,0,0.0,0.0,0.0,0.0,0.0,0.0,0.0,0.0,0.0,40842000,0,1621657000,1364784000,144389000,73545000,282503000,0,1954228000,1621657000,234847000,144389000,786532000,0,1888269000,1954228000,85944000,234847000,659039000,0,2046758000,1888269000,97440000,85944000,0,0,0,0,0,0
7751144432,"ООО ""ИМПОРТЭКС""",99,638,True,False,False,False,False,False,0,0.0,0.0,0.0,0.0,0.0,0.0,0.0,0.0,0.0,3522000,0,389175000,294562000,35807000,26210000,3357000,0,520842000,389175000,80062000,35807000,4026000,0,674514000,520842000,71682000,80062000,9033000,0,956993000,674514000,97852000,71682000,0,0,0,0,0,0
5032288006,"ООО  ""КОМПЛЕКС-ГРУПП""",99,457,True,False,False,False,False,False,0,0.0,0.0,0.0,0.0,0.0,0.0,0.0,0.0,0.0,0,0,210961000,165604000,0,0,0,0,308499000,210961000,0,0,0,0,359381000,308499000,0,0,0,0,408666000,359381000,0,0,0,0,0,0,0,0
7724380783,"ООО ""ТВВ-ГРУПП""",35,114,True,False,False,False,False,False,0,0.0,0.0,0.0,0.0,0.0,0.0,15351606.37,0.0,0.0,9719000,0,343242000,236061000,-6344000,-16107000,9721000,0,430527000,343242000,-7306000,-6344000,16163000,0,426452000,430527000,27719000,-7306000,31309000,0,147743000,426452000,-30304000,27719000,0,0,0,0,0,0
7841345341,"ООО ""НПО ""НЕОПРИНТ""",85,142,True,False,False,False,False,False,379170193,0.0,0.0,0.0,0.0,0.0,0.0,5080208.84,0.0,0.0,34454000,0,385456000,284625000,45628000,24269000,26568000,0,598877000,385456000,89776000,45628000,22065000,0,964521000,598877000,181492000,89776000,109217000,0,524074000,964521000,55475000,181492000,0,0,0,0,0,0
6319071328,"ООО ""ОСНОВНОЙ ПРОДУКТ""",151,544,True,False,False,False,False,False,0,0.0,0.0,0.0,0.0,0.0,0.0,0.0,0.0,0.0,6776000,0,150529000,172965000,4384000,2723000,1504000,0,314305000,150529000,11512000,4384000,932000,0,444882000,314305000,1885000,11512000,484000,0,361141000,444882000,16191000,1885000,0,0,0,0,0,0
7842118366,"ООО ""ТД АГОРА""",153,632,True,False,False,False,False,False,0,0.0,0.0,0.0,0.0,0.0,0.0,0.0,0.0,0.0,0,0,82322000,128119000,0,0,0,0,67135000,82322000,0,0,0,0,63186000,67135000,0,0,0,0,42231000,63186000,0,0,0,0,0,0,0,0
7705731041,"ООО ""КОМ СПАН""",35,576,True,False,False,False,False,False,185771886,0.0,0.0,0.0,0.0,0.0,0.0,0.0,0.0,0.0,32390000,0,222509000,199960000,55456000,21338000,178423000,0,424867000,222509000,121430000,55456000,30705000,0,447925000,424867000,178077000,121430000,33244000,0,0,0,0,0,0,0,0,0,0,0
7713530109,"ООО ""ДЕЛЬТАБИО""",96,156,True,False,False,False,False,False,2442200,0.0,0.0,0.0,0.0,0.0,0.0,0.0,0.0,0.0,44123000,0,222610000,151164000,27804000,-7254000,79093000,0,331463000,222610000,108457000,27804000,0,0,236265000,331463000,0,0,0,0,249835000,236265000,0,0,0,0,0,0,0,0
7722798247,"ООО ""ТОМОМЕД""",35,575,True,False,False,False,False,False,202098220,0.0,0.0,0.0,0.0,0.0,0.0,0.0,0.0,0.0,2006000,0,246472000,164082000,16515000,14924000,0,0,0,0,0,0,21901000,0,598431000,389436000,70810000,40228000,0,0,0,0,0,0,0,0,0,0,0,0
4205323480,"ООО ""КОМПАНИЯ АГРОМАН""",64,603,True,False,False,False,False,False,31162182,0.0,0.0,0.0,0.0,0.0,0.0,0.0,0.0,0.0,7436000,0,328902000,139171000,22926000,3097000,8610000,0,313019000,328902000,25186000,22926000,5786000,0,292602000,313019000,6806000,25186000,4923000,0,309152000,292602000,10435000,6806000,0,0,0,0,0,0
5012071132,"ООО ""ВИКТОРИСТРОЙ""",97,659,True,False,False,False,False,False,573668,0.0,0.0,0.0,0.0,0.0,0.0,0.0,0.0,0.0,0,0,196846000,152628000,0,0,0,0,224490000,196846000,0,0,0,0,161741000,224490000,0,0,0,0,205074000,161741000,0,0,0,0,0,0,0,0
7224036609,"ООО ""ВЗКГ""",189,219,True,False,False,False,False,False,18072190,0.0,0.0,0.0,0.0,0.0,0.0,0.0,0.0,0.0,376967000,0,1775318000,1293287000,209875000,115800000,477077000,0,2319284000,1775318000,323502000,209875000,818477000,0,2864680000,2319284000,429008000,323502000,1133594000,0,3711689000,2864680000,612759000,429008000,0,0,0,0,0,0
3443080730,"ООО ""АГАТ ВИКТОРИЯ""",28,447,True,False,False,False,False,False,107579017,0.0,0.0,0.0,0.0,0.0,0.0,0.0,6000.0,6000.0,360098000,0,1353466000,2250067000,85783000,56433000,25470000,0,822717000,1353466000,43015000,85783000,92798000,0,1589073000,822717000,-174136000,43015000,63434000,0,1935142000,1589073000,-294034000,-174136000,0,0,0,0,0,0
7705802895,"АО ""СОФОС""",99,194,True,False,False,False,False,False,6638981,0.0,0.0,0.0,0.0,0.0,0.0,0.13,0.0,0.0,238774000,0,1983038000,1412067000,20843000,33659000,258884000,0,1991122000,1983038000,43808000,20843000,328511000,0,1888666000,1991122000,52182000,43808000,310975000,0,1999272000,1888666000,51183000,52182000,0,0,0,0,0,0
4205383055,"ООО ""ИКССИЭМДЖИ ВОСТОК""",63,610,True,False,False,False,False,False,0,0.0,0.0,0.0,0.0,0.0,0.0,0.0,0.0,0.0,828000,0,216680000,245781000,6419000,19267000,2498000,0,832309000,216680000,46848000,6419000,28698000,0,1180375000,832309000,97006000,46848000,56024000,0,1366931000,1180375000,86970000,97006000,0,0,0,0,0,0
5751054104,"ООО ""ВОЗРОЖДЕНИЕ СЕВЕР""",121,447,False,True,False,False,False,False,7542714,0.0,0.0,0.0,0.0,0.0,0.0,0.0,0.0,0.0,34204000,0,529455000,545714000,7946000,6123000,31867000,0,200835000,529455000,6346000,7946000,33170000,0,62998000,200835000,2672000,6346000,0,0,0,0,0,0,0,0,0,0,0,0
6164315106,"ООО ""ТК""ПАРТНЕР""",144,519,True,False,False,False,False,False,7546400,0.0,0.0,0.0,0.0,0.0,0.0,0.0,0.0,0.0,4497000,0,679540000,783582000,6792000,29254000,2578000,0,570413000,679412000,20372000,6735000,18185000,0,519982000,570413000,59237000,20372000,32279000,0,602570000,519982000,79728000,59237000,0,0,0,0,0,0
5902127879,"ООО ""МЕЛЬНИЦА ПРИПРАВ НЕССЕ""",125,544,True,False,False,False,False,False,0,0.0,0.0,0.0,0.0,0.0,0.0,0.0,0.0,0.0,4232000,0,136837000,142989000,4161000,9912000,5210000,0,135513000,136837000,7563000,4161000,1373000,0,161812000,135513000,18322000,7563000,490000,0,151357000,161812000,8321000,18322000,0,0,0,0,0,0
3123347456,"ООО ""ВЕТАГРОИМПОРТ""",18,576,True,False,False,False,False,False,0,0.0,0.0,0.0,0.0,0.0,0.0,0.0,0.0,0.0,113000,0,129010000,124501000,41565000,39543000,65000,0,134393000,129010000,51786000,41565000,16000,0,100971000,134393000,28196000,51786000,0,0,108431000,100971000,27794000,28196000,0,0,0,0,0,0
2460069686,"ООО ""РЕСУРС-ЛЕС""",74,2,False,False,False,False,True,False,737033,0.0,0.0,0.0,0.0,0.0,0.0,7253.98,0.0,0.0,50267000,0,208103000,141181000,85702000,30345000,35242000,0,124337000,208103000,3951000,85702000,25680000,0,60319000,124337000,-8320000,3951000,18780000,0,5349000,60319000,279000,-8320000,0,0,0,0,0,0
6229074652,"ООО ""ДК""",148,712,True,False,False,False,False,False,0,0.0,0.0,0.0,0.0,0.0,0.0,0.0,0.0,0.0,84000,0,161483000,130724000,6119000,2979000,53000,0,160480000,161483000,17325000,6119000,22000,0,139452000,160480000,5597000,17777000,0,0,142300000,139452000,7294000,5597000,0,0,0,0,0,0
5190034935,"ООО ""ХЛЕБОПЕК""",102,542,True,False,False,False,False,False,111569928,0.0,0.0,0.0,0.0,0.0,0.0,473701.09,0.0,0.0,72401000,0,566105000,532461000,26964000,29036000,138310000,0,582707000,566105000,24592000,26964000,137407000,0,621434000,582707000,35646000,24592000,165600000,0,659736000,621434000,31388000,35646000,0,0,0,0,0,0
7714873934,"ООО ""ОБИ ПРЯМОЙ ИМПОРТ И ПОСТАВКИ""",96,468,True,False,False,False,False,False,0,0.0,0.0,0.0,0.0,0.0,0.0,0.0,0.0,0.0,90056000,0,6288248000,5833759000,9678000,-83448000,102058000,0,3830487000,6288248000,-54267000,9678000,171154000,0,1757325000,3830487000,-133898000,-54267000,368159000,0,885741000,1757325000,-208484000,-133898000,0,0,0,0,0,0
7743544444,"ООО ""ШЕРВИН-ВИЛЬЯМС ПЭЙНТС""",96,642,True,False,False,False,False,False,0,0.0,0.0,0.0,0.0,0.0,0.0,0.0,0.0,0.0,298000,0,133295000,278493000,37587000,107990000,3833000,0,46253000,133295000,-5069000,37587000,2864000,0,0,46253000,-5809000,-5069000,5672000,0,0,0,-5872000,-5809000,0,0,0,0,0,0
6165169507,"ООО ""СЛ ДОН""",145,488,True,False,False,False,False,False,0,0.0,0.0,0.0,0.0,0.0,0.0,0.0,0.0,0.0,3961000,0,258745000,209468000,24655000,25001000,2848000,0,307989000,258745000,25947000,24655000,3766000,0,430081000,307989000,76079000,25947000,6958000,0,446091000,430081000,46837000,76079000,0,0,0,0,0,0
5075019819,"ООО ""СИНСОНГНАНО РУС""",97,195,True,False,False,False,False,False,0,0.0,0.0,0.0,0.0,0.0,0.0,415823.65,0.0,0.0,88983000,0,3415867000,2250060000,20330000,10351000,101984000,0,1216530000,3415867000,-99168000,20330000,66694000,0,722824000,1216530000,-156411000,-99168000,92101000,0,215200000,722824000,-129523000,-156411000,0,0,0,0,0,0
7840049773,"ООО ""АСИЛАН""",153,297,True,False,False,False,False,False,35925505,0.0,0.0,0.0,0.0,0.0,0.0,0.0,0.0,0.0,0,0,760417000,442040000,0,0,76736000,0,441015000,760417000,60761000,131687000,88176000,0,1078515000,441015000,302527000,60761000,84124000,0,1686223000,1078515000,401696000,302527000,0,0,0,0,0,0
7810214010,"ООО ""АКРОС""",153,142,True,False,False,False,False,False,775607,0.0,0.0,0.0,0.0,0.0,0.0,0.0,0.0,0.0,1521000,0,171275000,130698000,15138000,1809000,5603000,0,194308000,171275000,26137000,15138000,0,0,245844000,194308000,0,0,0,0,269105000,245844000,0,0,0,0,0,0,0,0
7703440336,"ООО ""АПИЦЕННА""",35,182,True,False,False,False,False,False,0,0.0,0.0,0.0,0.0,0.0,0.0,0.0,0.0,0.0,268269000,0,1793658000,1493418000,243898000,356605000,690855000,0,2191739000,1793658000,288335000,243913000,569279000,0,2554723000,2191739000,500265000,288335000,551409000,0,2916942000,2554723000,732923000,500265000,0,0,0,0,0,0
3231004618,"АО ""ТОНУС""",21,99,True,False,False,False,False,False,2899804,0.0,0.0,0.0,0.0,0.0,0.0,0.0,0.0,0.0,29194000,0,342218000,268764000,89559000,71309000,27777000,0,429830000,342218000,116052000,89559000,38641000,0,538196000,429830000,196826000,116052000,61878000,0,618745000,538196000,231192000,196824000,0,0,0,0,0,0
5047209430,"ООО ""МАРИНИСТ""",73,555,True,False,False,False,False,False,0,0.0,0.0,0.0,0.0,0.0,0.0,0.0,0.0,0.0,15072000,0,540272000,271222000,23556000,11541000,12733000,0,507768000,540272000,-6622000,23556000,12746000,0,654344000,507768000,5720000,-6622000,24650000,0,967047000,654344000,10662000,5720000,0,0,0,0,0,0
5408291524,"ООО ""АНГИОЛАЙН ТРЕЙДИНГ""",112,575,False,False,False,False,True,False,173198321,0.0,0.0,0.0,0.0,0.0,0.0,0.0,0.0,0.0,340000,0,665703000,880690000,-2367000,16331000,3576000,0,44989000,665703000,-15374000,-2367000,0,0,6542000,44989000,0,0,0,0,1080000,6542000,0,0,0,0,0,0,0,0
7721742033,"ООО ""КЮГЕЛЬ""",99,457,False,False,False,False,True,False,3158526,0.0,0.0,0.0,0.0,0.0,0.0,0.0,0.0,0.0,13024000,0,603670000,354889000,69213000,37271000,12307000,0,596151000,603670000,97029000,69213000,12306000,0,803734000,596151000,153838000,97029000,19389000,0,659720000,803734000,94464000,153838000,0,0,0,0,0,0
3810067288,"ООО""ПРОДАГРО""",48,538,True,False,False,False,False,False,4904988,0.0,0.0,0.0,0.0,0.0,0.0,0.0,0.0,0.0,0,0,388647000,341684000,0,0,0,0,523159000,388647000,0,0,0,0,491170000,523159000,0,0,0,0,562623000,491170000,0,0,0,0,0,0,0,0
7113011920,"ООО ""ИМПОРТ-ТРЕЙД""",96,661,True,False,False,False,False,False,32728198,0.0,0.0,0.0,0.0,0.0,0.0,0.0,0.0,0.0,696000,0,198230000,450394000,9092000,7623000,0,0,318399000,198230000,19197000,9092000,0,0,1291169000,318399000,2017000,19197000,0,0,1158480000,1291179000,0,0,0,0,0,0,0,0
5321188917,"ООО ""БЕЛЫЙ КЛЕВЕР""",109,513,True,False,False,False,False,False,0,0.0,0.0,0.0,0.0,0.0,0.0,0.0,0.0,0.0,2414000,0,157667000,127306000,2528000,3719000,921000,0,175144000,157667000,2142000,2528000,17747000,0,193191000,175144000,10923000,2142000,12212000,0,214644000,193191000,12091000,10923000,0,0,0,0,0,0
7726425616,"ООО ""ПАРИТЕТ""",35,638,True,False,False,False,False,False,0,0.0,0.0,0.0,0.0,0.0,0.0,0.0,0.0,6804.01,22314000,0,7158318000,2491189000,120617000,29272000,164551000,0,8309790000,7158318000,347182000,120617000,199723000,0,9985172000,8309790000,152789000,347182000,343909000,0,9438722000,9985172000,-277875000,152789000,0,0,0,0,0,0
7735506935,"ООО ""ТЕХНОЦЕНТР""",99,660,True,False,False,False,False,False,252751602,0.0,0.0,0.0,0.0,0.0,0.0,0.0,0.0,0.0,16000000,0,352252000,189024000,31718000,16722000,16000000,0,159375000,352252000,15286000,31718000,14700000,0,70542000,159375000,-1092000,15286000,0,0,60783000,70542000,-1473000,-1092000,0,0,0,0,0,0
7729465769,"ООО ""НАЦКОНТРАКТ""",35,614,False,False,True,False,False,False,265309133,0.0,0.0,0.0,0.0,0.0,0.0,0.0,727956.04,0.0,412000,0,537045000,654436000,1330000,21132000,20085000,0,70029000,537045000,-11026000,1330000,29053000,0,16952000,70029000,-3008000,-11026000,41732000,0,0,16952000,-1598000,-3008000,0,0,0,0,0,0
3128111140,"ООО ""СТРОЙГРАНИТ""",17,644,True,False,False,False,False,False,0,0.0,0.0,0.0,0.0,0.0,0.0,0.0,0.0,0.0,0,0,89367000,156693000,0,0,0,0,124635000,89367000,0,0,0,0,118927000,124635000,0,0,0,0,121439000,118927000,0,0,0,0,0,0,0,0
7606075649,"ООО ""ПРОМ МАШ""",211,283,True,False,False,False,False,False,0,0.0,0.0,0.0,0.0,0.0,0.0,0.0,0.0,0.0,58784000,0,208785000,205490000,9773000,20285000,63403000,0,307986000,208785000,26228000,9773000,74016000,0,350769000,307986000,60541000,26228000,96171000,0,362987000,350769000,48982000,60541000,0,0,0,0,0,0
7203254282,"ООО ""НЬЮ ПЕТРОЛ ТЮМЕНЬ""",189,690,False,False,True,False,False,False,45372678,0.0,0.0,0.0,0.0,0.0,0.0,33120857.51,0.0,0.0,782297000,0,0,640445000,-10649000,-41358000,572206000,0,0,0,-14449000,-10649000,534809000,0,0,0,-12944000,-14449000,15649000,0,0,0,-1567000,-12944000,0,0,0,0,0,0
7813268938,"ООО ""КОРАЛЛ""",36,695,True,False,False,False,False,False,0,0.0,0.0,0.0,0.0,0.0,0.0,0.0,0.0,0.0,0,0,116512000,158265000,2160000,231000,0,0,104425000,116512000,965000,2160000,0,0,101230000,104425000,6173000,965000,0,0,36082000,101230000,5415000,6173000,0,0,0,0,0,0
5501228397,"ООО ""АВТОЦЕНТР ""ЕВРАЗИЯ""",73,447,False,False,False,False,True,False,177602022,0.0,0.0,0.0,0.0,0.0,0.0,3900.0,0.0,0.0,159368000,0,1124548000,1179903000,7177000,14401000,160199000,0,468050000,1124548000,-28797000,7177000,154076000,0,38190000,468050000,-12945000,-28797000,157296000,0,23186000,38190000,-22480000,-12945000,0,0,0,0,0,0
7804549322,"ООО ""ИНТЕР КОСМЕТИК СЕРВИС""",109,573,False,True,False,False,False,False,0,0.0,0.0,0.0,0.0,0.0,0.0,0.0,0.0,0.0,92000,0,2317108000,1733637000,377328000,278164000,0,0,826273000,2317108000,213546000,377328000,247000,0,777410000,826273000,40600000,213546000,0,0,0,0,0,0,0,0,0,0,0,0
5047203132,"ООО ""СВИТЛАЙФ""",99,538,False,False,True,False,False,False,0,0.0,0.0,0.0,0.0,0.0,0.0,310354.22,0.0,0.0,1981000,0,543200000,336216000,16985000,4854000,1101000,0,974481000,543200000,35201000,16985000,2495000,0,1401787000,974481000,201018000,35201000,0,0,268265000,1401787000,0,0,0,0,0,0,0,0
2128042696,"ООО ""СТРОИТЕЛЬНЫЙ ДВОР""",203,661,True,False,False,False,False,False,28198433,0.0,0.0,0.0,0.0,0.0,0.0,0.0,0.0,0.0,26940000,0,2421429000,1535893000,335252000,59759000,47493000,0,2274961000,2421429000,103221000,335252000,58675000,0,2379719000,2274961000,124785000,103221000,87332000,0,2895464000,2379719000,149380000,124785000,0,0,0,0,0,0
3906327434,"ООО ""БАЛТНАВИС""",53,661,True,False,False,False,False,False,45995131,0.0,0.0,0.0,0.0,0.0,0.0,0.0,0.0,0.0,2042000,0,99018000,121470000,17889000,27767000,0,0,141334000,99018000,0,0,0,0,398175000,139336000,0,0,0,0,460121000,398175000,0,0,0,0,0,0,0,0
7701234521,"ООО ""ВРЕМЯ""",35,561,True,False,False,False,False,False,0,0.0,0.0,0.0,0.0,0.0,0.0,0.0,0.0,0.0,0,0,597828000,440823000,0,0,0,0,288870000,597828000,0,0,0,0,260054000,288870000,0,0,0,0,287681000,260054000,0,0,0,0,0,0,0,0
2463223960,"ООО ""ПРИАНГАРСКИЙ ЛПК""",74,2,True,False,False,False,False,False,101904588,0.0,0.0,0.0,0.0,0.0,0.0,0.0,0.0,0.0,8266674000,0,8479501000,5174555000,1178811000,542962000,8584368000,0,7704839000,7951840000,-448729000,975234000,7771898000,0,6997753000,7704839000,-1158942000,-448729000,9092660000,0,7295549000,6997753000,-1513501000,-1158942000,0,0,0,0,0,0
6730018851,"ООО "" ТОРГСЕРВИС """,171,544,True,False,False,False,False,False,2833775235,0.0,0.0,0.0,0.0,0.0,0.0,0.0,0.0,0.0,0,0,355281000,325171000,0,0,0,0,440881000,355281000,0,0,0,0,505244000,440881000,0,0,0,0,550906000,505244000,0,0,0,0,0,0,0,0
7701108020,"АО ""ВЮРТ-РУСЬ""",35,661,True,False,False,False,False,False,7273919,0.0,0.0,0.0,0.0,0.0,0.0,0.0,0.0,0.0,1111123000,0,3405696000,2719987000,560858000,361596000,1099499000,0,2339783000,3405697000,225564000,513189000,1036170000,0,2188610000,2339783000,119810000,225565000,1032470000,0,2314452000,2188610000,65437000,119810000,0,0,0,0,0,0
7719526980,"ООО ""МОБИЛЕНД""",35,695,False,False,True,False,False,False,3790,0.0,0.0,0.0,0.0,0.0,0.0,14561927.67,1738463.31,1624732.07,1203000,0,543323000,593244000,81902000,86545000,92000,0,377062000,543323000,36659000,81902000,0,0,233444000,377062000,48082000,36659000,0,0,0,0,0,0,0,0,0,0,0,0
7448164036,"ООО НПО ""НОВОТЕХ""",197,458,False,True,False,False,False,False,262032008,0.0,0.0,0.0,0.0,0.0,0.0,0.0,0.0,0.0,0,0,213170000,141324000,59934000,26382000,0,0,130303000,213170000,53024000,59934000,0,0,172791000,130303000,58513000,53024000,0,0,225963000,172791000,-117649000,58513000,0,0,0,0,0,0
5027259377,"ООО ""МОСКОЛЕСО""",99,458,True,False,False,False,False,False,0,0.0,0.0,0.0,0.0,0.0,0.0,0.0,0.0,0.0,0,0,154966000,158487000,0,0,0,0,140560000,154966000,0,0,0,0,240730000,140560000,0,0,0,0,395108000,240730000,0,0,0,0,0,0,0,0
7801537819,"ООО ""РЕЙЛ1520""",96,615,True,False,False,False,False,False,8806736500,0.0,0.0,0.0,0.0,0.0,0.0,0.0,0.0,0.0,17432800000,0,21748137000,5707482000,3083649000,-404101000,5830033000,0,7243791000,21748137000,2005601000,3083649000,5412101000,0,301831000,7243791000,235522000,2005601000,1155270000,0,301471000,301831000,223562000,235522000,0,0,0,0,0,0
2411021554,"ООО ""ПРЕМИУМ""",74,116,True,False,False,False,False,False,0,0.0,0.0,0.0,0.0,0.0,0.0,0.0,0.0,0.0,20565000,0,511696000,958390000,2227000,2132000,58974000,0,267443000,511696000,-569000,2012000,51953000,0,278945000,267443000,8389000,-569000,67430000,0,480762000,278945000,55013000,8389000,0,0,0,0,0,0
1659102824,"ООО ""МЕДИКА""",142,575,True,False,False,False,False,False,139999518,0.0,0.0,0.0,0.0,0.0,0.0,0.0,0.0,0.0,0,0,123430000,138816000,22016000,18066000,0,0,106443000,123430000,3151000,22016000,0,0,76709000,106443000,705000,3151000,0,0,75391000,76709000,-3505000,705000,0,0,0,0,0,0
4212127581,"ООО ""МАТО - СИБ""",62,661,True,False,False,False,False,False,0,0.0,0.0,0.0,0.0,0.0,0.0,0.0,0.0,0.0,13699000,0,163102000,132788000,11698000,13095000,17071000,0,182942000,163102000,21030000,11698000,22153000,0,202883000,182942000,18381000,21030000,17259000,0,243790000,202883000,22223000,18381000,0,0,0,0,0,0
7710703674,"АО ""МЕДСИ-ЗДОРОВЬЕ""",35,731,True,False,False,False,False,False,0,0.0,0.0,0.0,0.0,0.0,0.0,0.0,0.0,0.0,117462000,0,230939000,232276000,-2047000,-16617000,146777000,0,363277000,230939000,6192000,-2047000,105228000,0,590274000,363277000,88000,6192000,124157000,0,819416000,590274000,34793000,88000,0,0,0,0,0,0
7728193255,"ООО ""ТЕРАПЕВТ""",35,178,True,False,False,False,False,False,169288863,0.0,0.0,0.0,0.0,0.0,0.0,0.0,0.0,0.0,0,0,149410000,233138000,0,0,0,0,123498000,149410000,0,0,0,0,185144000,123498000,0,0,0,0,210268000,185144000,0,0,0,0,0,0,0,0
7720485601,"ООО ""СТЕНОВЫЕ МАТЕРИАЛЫ""",96,638,False,True,False,False,False,False,0,0.0,0.0,0.0,0.0,0.0,0.0,0.0,0.0,0.0,0,0,1388817000,669677000,8119000,576000,0,0,2118865000,1388817000,9464000,8119000,0,0,472285000,2118865000,1200000,9464000,0,0,0,0,0,0,0,0,0,0,0,0
5612163339,"ООО ""СЕМЕНА ОРЕНБУРЖЬЯ""",118,508,True,False,False,False,False,False,0,0.0,0.0,0.0,0.0,0.0,0.0,0.0,0.0,0.0,0,0,343016000,556567000,0,0,0,0,514674000,343016000,0,0,0,0,770775000,514674000,0,0,4394000,0,1076252000,770775000,5075000,2950000,0,0,0,0,0,0
7805535315,"ООО ""МОРСКАЯ ЭНЕРГЕТИКА""",36,412,True,False,False,False,False,False,39343585,0.0,0.0,0.0,0.0,0.0,0.0,0.0,0.0,0.0,0,0,324157000,209250000,0,0,0,0,335838000,324157000,0,0,0,0,267493000,335838000,0,0,0,0,465641000,267493000,0,0,0,0,0,0,0,0
2222832902,"ООО ""ТД СВАРЩИК АЛТАЯ""",3,474,True,False,False,False,False,False,7857714,0.0,0.0,0.0,0.0,0.0,0.0,0.0,0.0,0.0,0,0,233087000,175770000,5256000,1999000,0,0,296245000,233087000,8373000,5256000,2893000,0,293711000,296245000,8230000,8374000,0,0,357092000,293711000,759000,8230000,0,0,0,0,0,0
6678082900,"ООО ""ХЛЕБОЗАВОД №7""",162,48,True,False,False,False,False,False,0,0.0,0.0,0.0,0.0,0.0,0.0,0.0,0.0,0.0,0,0,394228000,247858000,0,0,0,0,541797000,394228000,0,0,0,0,650872000,541797000,0,0,0,0,788624000,650872000,0,0,0,0,0,0,0,0
2310204174,"ООО ""ЛАБМЕД""",73,575,True,False,False,False,False,False,1971231173,0.0,0.0,0.0,0.0,0.0,0.0,0.0,0.0,0.0,801000,0,205286000,243922000,3007000,4248000,3767000,0,232701000,205286000,3157000,3007000,21610000,0,258460000,232701000,18637000,3157000,46599000,0,395107000,258460000,28423000,18637000,0,0,0,0,0,0
5003128590,"ООО ""ТРЕЙД МАРКЕТ""",99,544,False,False,False,False,False,True,0,0.0,0.0,0.0,0.0,0.0,0.0,0.0,0.0,0.0,0,0,154817000,146772000,0,0,0,0,140784000,154817000,0,0,0,0,165501000,140784000,0,0,0,0,164232000,165501000,0,0,0,0,0,0,0,0
5402016031,"ООО ""ПАТРИОТ АВТО""",112,447,True,False,False,False,False,False,32986156,0.0,0.0,0.0,0.0,0.0,0.0,0.0,0.0,0.0,429000,0,142984000,146847000,-4009000,-2673000,284000,0,82485000,142984000,-996000,-4009000,242000,0,32955000,82485000,-36000,-996000,146000,0,47837000,32955000,144000,-36000,0,0,0,0,0,0
6155070033,"ООО  ""РЕМОНТ""",145,712,False,True,False,False,False,False,0,0.0,0.0,0.0,0.0,0.0,0.0,0.0,10000.0,0.0,4942000,0,180233000,145007000,6770000,-6909000,510000,0,75103000,180233000,449000,6770000,228000,0,56125000,75103000,5542000,449000,0,0,4761000,56125000,2351000,5542000,0,0,0,0,0,0
7801291795,"ООО ""ПЛЛ №1""",153,117,False,False,True,False,False,False,0,0.0,0.0,0.0,0.0,0.0,0.0,17304401.21,5000.0,5000.0,0,0,407670000,285944000,0,0,0,0,311993000,407670000,0,0,0,0,165521000,311993000,0,0,0,0,0,0,0,0,0,0,0,0,0,0
7805660228,"ООО ""УНИВЕРСАМ ""ТАЛЛИНСКИЙ""",36,663,True,False,False,False,False,False,0,0.0,0.0,0.0,0.0,0.0,0.0,0.0,0.0,0.0,32269000,0,345591000,402369000,4722000,8210000,31364000,0,328443000,345591000,7963000,4722000,30418000,0,293012000,328443000,8274000,7963000,29046000,0,320187000,293012000,8811000,8274000,0,0,0,0,0,0
6312157449,"ООО ""КОМПАНИЯ ТРЕЙДВИН""",151,538,True,False,False,False,False,False,0,0.0,0.0,0.0,0.0,0.0,0.0,0.0,0.0,0.0,0,0,197949000,157275000,0,0,0,0,205769000,197949000,0,0,0,0,216721000,205769000,0,0,0,0,226018000,216721000,0,0,0,0,0,0,0,0
7802874479,"ООО ""АВРОРА 28""",36,135,True,False,False,False,False,False,0,0.0,0.0,0.0,0.0,0.0,0.0,0.0,0.0,0.0,0,0,182690000,135431000,0,0,0,0,393638000,182690000,0,0,0,0,821880000,393638000,0,0,3001000,0,939641000,821880000,80870000,93335000,0,0,0,0,0,0
7707334402,"ООО ""ПЕТРОСИНТЕЗ""",95,625,True,False,False,False,False,False,0,0.0,0.0,0.0,0.0,0.0,0.0,129070455.43,0.0,0.0,0,0,6912665000,997294000,-370000,1075000,4722000,0,5768723000,6912665000,37656000,-370000,3365000,0,8093906000,5768723000,10127000,37656000,3365000,0,8777472000,8093906000,-4772000,-5940000,0,0,0,0,0,0
7536096674,"ООО ""ИНДЕКС""",42,690,True,False,False,False,False,False,418186,0.0,0.0,0.0,0.0,0.0,0.0,0.0,0.0,0.0,14641000,0,846493000,695870000,6221000,6680000,10537000,0,875210000,846493000,34006000,6221000,33488000,0,897889000,875186000,37127000,34002000,30955000,0,641151000,897889000,41209000,37127000,0,0,0,0,0,0
5904644030,"ООО ""ТАИР""",125,632,True,False,False,False,False,False,6683963,0.0,0.0,0.0,0.0,0.0,0.0,0.0,0.0,0.0,9988000,0,580265000,283238000,42510000,2328000,11494000,0,584626000,580265000,34200000,42510000,11436000,0,649897000,584626000,36934000,34200000,11255000,0,473650000,649897000,14565000,36934000,0,0,0,0,0,0
9106013768,"ООО ""МЕТПРОМ""",137,659,True,False,False,False,False,False,0,0.0,0.0,0.0,0.0,0.0,0.0,0.0,0.0,0.0,0,0,535893000,180872000,0,0,0,0,466122000,535893000,0,0,0,0,426816000,466122000,0,0,0,0,474223000,426816000,0,0,0,0,0,0,0,0
4716025405,"ООО ""ТЕПЛОВОЕ ОБОРУДОВАНИЕ""",85,346,True,False,False,False,False,False,2542000,0.0,0.0,0.0,0.0,0.0,0.0,0.0,0.0,0.0,1049582000,0,4224751000,2922999000,-26772000,120650000,1511157000,0,4380766000,4224751000,356128000,-26772000,1749560000,0,4902572000,4380766000,866213000,356128000,1283281000,0,5314105000,4902572000,576616000,866213000,0,0,0,0,0,0
2315002069,"АО ""ПИНО""",73,77,True,False,False,False,False,False,0,0.0,0.0,0.0,0.0,0.0,0.0,0.0,0.0,0.0,828269000,0,234852000,229159000,-113739000,-113344000,869512000,0,259730000,234852000,-99194000,-113739000,838885000,0,255361000,259730000,-108598000,-99194000,773382000,0,282023000,255361000,-119224000,-108598000,0,0,0,0,0,0
7720000840,"АО ""ПОНИ""",99,323,True,False,False,False,False,False,10730852,0.0,0.0,0.0,0.0,0.0,0.0,0.0,0.0,0.0,62402000,0,353027000,238218000,80604000,28841000,61986000,0,338094000,353027000,73900000,80604000,76139000,0,414910000,338094000,57344000,73900000,74479000,0,210059000,414910000,8617000,57344000,0,0,0,0,0,0
4401075339,"ООО ""РУССКИЙ БРИЛЛИАНТ""",72,658,True,False,False,False,False,False,0,0.0,0.0,0.0,0.0,0.0,0.0,0.0,0.0,0.0,242083000,0,2147252000,1073311000,185753000,117254000,231116000,0,2174092000,2147252000,149250000,185753000,12841000,0,3884353000,2174092000,331589000,149250000,9630000,0,3432072000,3884353000,455547000,331589000,0,0,0,0,0,0
5947015639,"ООО ""РОЗАС""",125,120,False,False,True,False,False,False,21656134,0.0,0.0,0.0,0.0,0.0,0.0,6299037.53,483204.13,451592.65,0,0,220483000,138837000,0,0,0,0,130263000,220483000,0,0,0,0,22878000,130263000,0,0,0,0,37875000,22878000,0,0,0,0,0,0,0,0
7743207470,"ООО ""АГАТОКНО""",96,644,True,False,False,False,False,False,0,0.0,0.0,0.0,0.0,0.0,0.0,1000.0,121117.11,121117.11,4848000,0,212221000,155907000,5790000,4738000,4848000,0,242022000,212221000,5733000,5790000,0,0,97267000,242022000,136000,5733000,0,0,0,0,0,0,0,0,0,0,0,0
1658145286,"ООО ""КМ-ПРОЕКТ""",142,181,True,False,False,False,False,False,0,0.0,0.0,0.0,0.0,0.0,0.0,0.0,0.0,0.0,0,0,234968000,193965000,0,0,0,0,259593000,234968000,0,0,0,0,278268000,259593000,0,0,0,0,377545000,278268000,0,0,0,0,0,0,0,0
7707675770,"ООО  ""ЛОРТОН""",96,724,True,False,False,False,False,False,0,0.0,0.0,0.0,0.0,0.0,0.0,0.0,0.0,0.0,0,0,255537000,235101000,0,0,0,0,207149000,255514000,0,0,0,0,192126000,207149000,0,0,0,0,159990000,192126000,0,0,0,0,0,0,0,0
5610157770,"ООО ""КАСКАД-М""",116,444,True,False,False,False,False,False,2083333,0.0,0.0,0.0,0.0,0.0,0.0,0.0,0.0,0.0,47585000,0,1324725000,727414000,123411000,29826000,47750000,0,624913000,1324725000,12751000,123411000,41290000,0,678279000,624913000,15683000,12751000,51456000,0,492598000,678279000,7826000,15683000,0,0,0,0,0,0
3664236834,"ООО ""САНАГА""",33,625,True,False,False,False,False,False,0,0.0,0.0,0.0,0.0,0.0,0.0,0.0,0.0,0.0,0,0,1176840000,2059874000,859000,872000,0,0,667376000,1176840000,-4399000,859000,0,0,2006959000,667376000,-32381000,-4399000,0,0,2698110000,2006959000,-28280000,-32381000,0,0,0,0,0,0
3808200969,"ООО ""БАЙКАЛ ПОЛИМЕР""",48,194,True,False,False,False,False,False,0,0.0,0.0,0.0,0.0,0.0,0.0,0.0,0.0,0.0,6000,0,431015000,265577000,3750000,290000,3695000,0,367522000,431015000,11098000,3750000,17102000,0,446110000,367522000,35246000,11098000,17182000,0,427381000,446110000,35673000,35246000,0,0,0,0,0,0
3703019804,"ООО ""ТК ""ТОМНА""",46,86,False,False,False,False,False,True,0,0.0,0.0,0.0,0.0,0.0,0.0,0.0,0.0,0.0,9718000,0,296424000,263015000,-3854000,-5443000,23265000,0,290841000,296424000,-13443000,-3854000,10003000,0,65173000,290841000,9025000,-13443000,0,0,0,65173000,-314000,9025000,0,0,0,0,0,0
4205351462,"ООО ""АГРОТОРГ""",62,524,True,False,False,False,False,False,51790628,0.0,0.0,0.0,0.0,0.0,0.0,0.0,0.0,0.0,10663000,0,644421000,519653000,24358000,19791000,4620000,0,588018000,644421000,15213000,24358000,3832000,0,756534000,588018000,23005000,15213000,3080000,0,1000868000,756534000,31947000,23005000,0,0,0,0,0,0
7814761039,"ООО ""АФИШ""",36,545,False,True,False,False,False,False,0,0.0,0.0,0.0,0.0,0.0,0.0,0.0,0.0,0.0,337000,0,855040000,561514000,49867000,22103000,178000,0,1006218000,855040000,11726000,49867000,72000,0,987708000,1006218000,4592000,11726000,0,0,0,0,0,0,0,0,0,0,0,0
7713153620,"ООО ""РАСПАК""",35,59,False,False,True,False,False,False,0,0.0,0.0,0.0,0.0,0.0,0.0,0.0,16966347.6,15856399.63,49234000,0,1001274000,792599000,38968000,1942000,32125000,0,887892000,1001274000,73263000,38968000,11918000,0,1065772000,887892000,64982000,73263000,9349000,0,321906000,1065772000,-24863000,64982000,0,0,0,0,0,0
3025013046,"ООО ""КАСПИЙ АГРО""",10,508,True,False,False,False,False,False,0,0.0,0.0,0.0,0.0,0.0,0.0,1502.71,0.0,0.0,35252000,0,202388000,204447000,7544000,-8245000,33648000,0,86009000,202388000,-25283000,7544000,35816000,0,136945000,86009000,-10739000,-25283000,36992000,0,274500000,136945000,-4454000,-10739000,0,0,0,0,0,0
7604268892,"ООО ""ЭПСИЛОН""",211,661,True,False,False,False,False,False,167734409,0.0,0.0,0.0,0.0,0.0,0.0,0.0,0.0,0.0,6181000,0,239799000,143221000,2905000,2103000,2896000,0,289986000,239799000,9104000,2905000,486000,0,158542000,289986000,7943000,9104000,417000,0,246986000,158542000,13767000,7943000,0,0,0,0,0,0
4401159437,"ООО ""ВЕСТА""",99,741,True,False,False,False,False,False,0,0.0,0.0,0.0,0.0,0.0,0.0,0.0,0.0,0.0,1044000,0,250094000,243778000,31710000,61478000,3173000,0,340097000,250094000,3073000,31710000,6904000,0,524999000,340097000,-10525000,3073000,9070000,0,824033000,524999000,39999000,-10525000,0,0,0,0,0,0
9102003198,"ООО ""КРЫМСКАЯ СЫРНАЯ КОМПАНИЯ""",137,528,True,False,False,False,False,False,0,0.0,0.0,0.0,0.0,0.0,0.0,0.0,0.0,0.0,6745000,0,1607821000,1438185000,85469000,109408000,75950000,0,1557993000,1607821000,34583000,85469000,61218000,0,1303811000,1557993000,34555000,34583000,53546000,0,1781794000,1303811000,51939000,34555000,0,0,0,0,0,0
6626013416,"ООО ""ТД ""СКОН""",164,627,True,False,False,False,False,False,3555484939,0.0,0.0,0.0,0.0,0.0,0.0,0.0,0.0,0.0,10142000,0,2458543000,2185971000,26093000,28731000,116114000,0,2383109000,2458543000,95824000,26093000,108277000,0,2613793000,2383109000,101629000,95824000,257486000,0,2489444000,2613793000,75418000,101629000,0,0,0,0,0,0
7706201618,"ООО ""ЭКОИНСТРУМЕНТ""",35,623,True,False,False,False,False,False,131806468,0.0,0.0,0.0,0.0,0.0,0.0,0.0,0.0,0.0,15439000,0,822328000,697936000,146336000,115139000,24709000,0,858874000,822328000,215244000,146336000,41104000,0,1244330000,858874000,345433000,215244000,45726000,0,1577120000,1244330000,454196000,345433000,0,0,0,0,0,0
2465086526,"ООО "" СТЭЛС """,74,535,False,True,False,False,False,False,0,0.0,0.0,0.0,0.0,0.0,0.0,0.0,0.0,0.0,1709000,0,1298064000,1910023000,14314000,26202000,2066000,0,1196149000,1298064000,31878000,14314000,0,0,1132129000,1196149000,19537000,31878000,0,0,0,0,0,0,0,0,0,0,0,0
7731539520,"ООО ""РУЛАНД МОСКАУ""",35,394,True,False,False,False,False,False,0,0.0,0.0,0.0,0.0,0.0,0.0,0.0,20000.0,10000.0,46287000,0,759262000,366792000,125573000,57778000,52250000,0,302929000,759262000,58553000,125573000,20797000,0,855618000,302929000,262110000,58553000,88315000,0,687374000,855618000,100128000,262110000,0,0,0,0,0,0
2537131570,"ООО ""ДВ БУНКЕР""",126,625,False,True,False,False,False,False,9301543,0.0,0.0,0.0,0.0,0.0,0.0,0.0,0.0,0.0,0,0,7200382000,3424271000,101454000,34443000,0,0,668009000,7200382000,32095000,101454000,0,0,420007000,668009000,-743000,32095000,0,0,0,0,0,0,0,0,0,0,0,0
7811644930,"ООО ""МИТ КИНГ""",36,15,True,False,False,False,False,False,3824524,0.0,0.0,0.0,0.0,0.0,0.0,0.0,0.0,0.0,8405000,0,682498000,1621737000,11286000,31683000,8433000,0,1571305000,682498000,56850000,11286000,5660000,0,1726574000,1571305000,37997000,56850000,15641000,0,1415718000,1726574000,59477000,37997000,0,0,0,0,0,0
4825118240,"ООО ТК ""МАЯК""",88,545,True,False,False,False,False,False,994602278,0.0,0.0,0.0,0.0,0.0,0.0,0.0,0.0,0.0,0,0,699177000,336106000,0,0,0,0,967673000,699177000,0,0,0,0,1309886000,967673000,0,0,0,0,1734887000,1309886000,0,0,0,0,0,0,0,0
3447014440,"ООО ""ЮГЖЕЛДОРМАШ""",28,383,True,False,False,False,False,False,44722744,0.0,0.0,0.0,0.0,0.0,0.0,0.0,0.0,0.0,0,0,497482000,400475000,0,0,0,0,457976000,497482000,0,0,0,0,330237000,457976000,0,0,0,0,349445000,330237000,0,0,0,0,0,0,0,0
6314040855,"ООО ""САМАРА-АВТО ЮГ""",150,447,True,False,False,False,False,False,139257401,0.0,0.0,0.0,0.0,0.0,0.0,0.0,10500.0,500.0,16206000,0,1843759000,1756028000,76759000,13253000,10687000,0,1007476000,1843759000,49613000,76759000,131186000,0,2175362000,1007476000,-39527000,49613000,171965000,0,7014343000,2175362000,-55833000,-39527000,0,0,0,0,0,0
7718702979,"ООО ""СГ-СИСТЕМ""",35,623,False,True,False,False,False,False,0,0.0,0.0,0.0,0.0,0.0,0.0,0.0,0.0,0.0,190000,0,195716000,147550000,54749000,30269000,836000,0,96406000,195716000,11605000,54749000,141000,0,52975000,96406000,13272000,11605000,0,0,0,0,0,0,0,0,0,0,0,0
5047155249,"ООО ""ЛЮМЕН""",99,558,True,False,False,False,False,False,32454102,0.0,0.0,0.0,0.0,0.0,0.0,0.0,0.0,0.0,0,0,161240000,123535000,0,0,0,0,167911000,161240000,0,0,0,0,209817000,167911000,0,0,0,0,263364000,209817000,0,0,0,0,0,0,0,0
6318227075,"ООО ""СМД""",151,529,True,False,False,False,False,False,0,0.0,0.0,0.0,0.0,0.0,0.0,0.0,0.0,0.0,6133000,0,397452000,332382000,-1935000,1947000,4612000,0,491660000,397452000,-6033000,-1935000,3305000,0,486700000,491660000,-7620000,-6033000,95000,0,1037648000,486700000,-4489000,-7620000,0,0,0,0,0,0
4704096715,"ООО ""ТРАФО""",85,332,True,False,False,False,False,False,0,0.0,0.0,0.0,0.0,0.0,0.0,0.0,0.0,0.0,7783000,0,269436000,242541000,11399000,10204000,1489000,0,236407000,269436000,-19609000,11399000,3314000,0,182043000,236407000,-10569000,-19609000,521000,0,64451000,182043000,2593000,-10569000,0,0,0,0,0,0
1639045085,"ООО ""ТРИ-Н""",176,690,True,False,False,False,False,False,0,0.0,0.0,0.0,0.0,0.0,0.0,0.0,0.0,0.0,3952000,0,154728000,187197000,-14331000,2985000,4121000,0,148915000,154728000,731000,-14331000,3950000,0,135750000,148915000,4266000,731000,0,0,135171000,135750000,2503000,4266000,0,0,0,0,0,0
7802682689,"ООО ""ПАЛИЯ""",153,572,False,True,False,False,False,False,0,0.0,0.0,0.0,0.0,0.0,0.0,0.0,0.0,0.0,0,0,55109000,132093000,2445000,2179000,0,0,23793000,55109000,3271000,2445000,0,0,13773000,23793000,-1116000,3271000,0,0,0,13773000,0,0,0,0,0,0,0,0
3662162520,"ООО ""БОТТЛ""",34,679,True,False,False,False,False,False,0,0.0,0.0,0.0,0.0,0.0,0.0,0.0,0.0,0.0,68000,0,144783000,121323000,31760000,2680000,33000,0,154316000,144783000,35534000,31760000,14000,0,170725000,154316000,37905000,35534000,16577000,0,180422000,170725000,39038000,37905000,0,0,0,0,0,0
1639058510,"ООО ""ЭТАЛОН-ГРУПП""",142,110,True,False,False,False,False,False,0,0.0,0.0,0.0,0.0,0.0,0.0,4521640.03,0.0,0.0,0,0,315377000,227933000,0,0,0,0,371535000,315377000,0,0,0,0,401467000,371535000,0,0,0,0,309173000,401467000,0,0,0,0,0,0,0,0
6607011815,"АО ""УРАЛ БОИНГ МАНУФЭКТУРИНГ""",164,274,True,False,False,False,False,False,0,0.0,0.0,0.0,0.0,0.0,0.0,0.0,0.0,0.0,5404847000,0,314800000,1062750000,-233169000,49453000,4954159000,0,42006000,314800000,-55404000,-233169000,4669383000,0,65740000,42006000,-57399000,-55404000,4384266000,0,0,65740000,-46761000,-57399000,0,0,0,0,0,0
7703414946,"ООО ""ЭЛИТСТЕКЛО""",96,638,True,False,False,False,False,False,0,0.0,0.0,0.0,0.0,0.0,0.0,0.0,0.0,0.0,0,0,391162000,300046000,15041000,8939000,0,0,290751000,391162000,10220000,15041000,0,0,176915000,290751000,6704000,10220000,0,0,277621000,176915000,8859000,6704000,0,0,0,0,0,0
7017270368,"ООО ""СИБИРСКАЯ КЛЕТЧАТКА""",183,54,True,False,False,False,False,False,0,0.0,0.0,0.0,0.0,0.0,0.0,0.0,0.0,0.0,8147000,0,183215000,170878000,4601000,9808000,7085000,0,205687000,183215000,14128000,4601000,9866000,0,328871000,205687000,33786000,14128000,11010000,0,482711000,328871000,57352000,33786000,0,0,0,0,0,0
2927001047,"ООО ""АРТ-ИЗО""",8,586,True,False,False,False,False,False,22370763,0.0,0.0,0.0,0.0,0.0,0.0,0.0,0.0,0.0,0,0,128172000,123167000,21117000,7670000,0,0,149000,0,0,0,0,0,149000,149000,0,0,0,0,205044000,149000,0,0,0,0,0,0,0,0
6330033781,"ООО ""ЧЗМ""",151,260,True,False,False,False,False,False,0,0.0,0.0,0.0,0.0,0.0,0.0,0.0,0.0,0.0,50830000,0,216832000,165483000,9017000,-26033000,53580000,0,455941000,216832000,-16210000,9017000,41356000,0,314591000,455941000,-12849000,-16210000,33879000,0,204569000,314591000,7437000,-12849000,0,0,0,0,0,0
5408309274,"ООО ""СОВРЕМЕННАЯ ИНФРАСТРУКТУРА""",112,638,True,False,False,False,False,False,0,0.0,0.0,0.0,0.0,0.0,0.0,0.0,0.0,0.0,460000,0,377184000,244584000,4327000,4074000,377000,0,733588000,377184000,85959000,4327000,542000,0,578334000,733588000,18719000,85959000,491000,0,744158000,578334000,35996000,18719000,0,0,0,0,0,0
7805128486,"ООО  ""НПО ""НЕФРОН""",36,436,True,False,False,False,False,False,480846201,0.0,0.0,0.0,0.0,0.0,0.0,473.73,0.0,0.0,5674000,0,425659000,401064000,9529000,30626000,4954000,0,487707000,425659000,29172000,9529000,9213000,0,513572000,487707000,13015000,29172000,5420000,0,577739000,513572000,15324000,13015000,0,0,0,0,0,0
3917041765,"ООО ""РОДНЫЕ ПРОСТОРЫ""",53,519,True,False,False,False,False,False,0,0.0,0.0,0.0,0.0,0.0,0.0,0.0,0.0,0.0,653000,0,124178000,137630000,19802000,6194000,628000,0,154861000,124178000,18873000,19802000,628000,0,105298000,154861000,14690000,18873000,628000,0,66673000,105298000,17393000,14690000,0,0,0,0,0,0
7017470857,"ООО ""АДМИРАЛ""",183,524,True,False,False,False,False,False,1283332,0.0,0.0,0.0,0.0,0.0,0.0,0.0,0.0,0.0,0,0,137313000,131115000,0,0,0,0,94999000,137313000,0,0,0,0,116784000,94999000,0,0,0,0,149001000,116784000,0,0,0,0,0,0,0,0
5504216008,"ООО ""СТРОЙЭНЕРГОРЕСУРС""",115,644,True,False,False,False,False,False,2872320,0.0,0.0,0.0,0.0,0.0,0.0,0.0,0.0,0.0,0,0,340060000,480097000,0,0,0,0,507927000,340060000,0,0,0,0,216585000,507927000,0,0,0,0,155480000,216585000,0,0,0,0,0,0,0,0
6143047015,"ООО ""ТОПАЗ-СЕРВИС""",145,312,True,False,False,False,False,False,10757372,0.0,0.0,0.0,0.0,0.0,0.0,0.0,0.0,0.0,222483000,0,1281126000,875142000,341707000,201361000,330000000,0,1891020000,1281126000,720080000,341707000,408045000,0,3389548000,1891020000,1300971000,720080000,603339000,0,3545425000,3389548000,854911000,1300971000,0,0,0,0,0,0
7814478945,"ООО ""СПУТНИК ЛОГИСТИК""",36,567,True,False,False,False,False,False,0,0.0,0.0,0.0,0.0,0.0,0.0,0.0,0.0,0.0,7727000,0,301439000,395078000,11503000,5864000,1565000,0,512694000,301439000,10922000,11503000,8057000,0,726751000,512694000,8889000,10922000,1558000,0,667378000,726751000,13554000,8889000,0,0,0,0,0,0
3316011276,"ООО ""ИРБИС""",25,192,True,False,False,False,False,False,0,0.0,0.0,0.0,0.0,0.0,0.0,0.0,0.0,0.0,6453000,0,182229000,124026000,-4062000,7270000,4743000,0,194446000,182229000,10851000,-4062000,3855000,0,192268000,194446000,8286000,10851000,3139000,0,208358000,192268000,5963000,8286000,0,0,0,0,0,0
7721621208,"ООО ""НПЦ ""СТРОЙКОМПЛЕКС""",96,613,True,False,False,False,False,False,215928395,0.0,0.0,0.0,0.0,0.0,0.0,0.0,0.0,0.0,3977000,0,394103000,169868000,109669000,52823000,3946000,0,450305000,394103000,122282000,109669000,3122000,0,373162000,450305000,77534000,122282000,2291000,0,323181000,373162000,47446000,77534000,0,0,0,0,0,0
2310095373,"ООО ""ХЕНДЭ ЦЕНТР КРАСНОДАР""",73,447,False,True,False,False,False,False,403530489,0.0,0.0,0.0,0.0,0.0,0.0,0.0,0.0,0.0,155547000,0,2882526000,2555576000,9272000,30933000,68558000,0,1483541000,2882526000,36550000,9272000,319784000,0,848659000,1483541000,10809000,36550000,300626000,0,183416000,848659000,-25445000,10809000,0,0,0,0,0,0
7826035232,"ООО""ЛЕВША""",153,747,True,False,False,False,False,False,1823325,0.0,0.0,0.0,0.0,0.0,0.0,0.0,0.0,0.0,0,0,211987000,161504000,0,0,0,0,222521000,211987000,0,0,0,0,140342000,222521000,0,0,0,0,229128000,140342000,0,0,0,0,0,0,0,0
4002002240,"АО ""РОДНИК""",56,72,True,False,False,False,False,False,0,0.0,0.0,0.0,0.0,0.0,0.0,0.0,0.0,0.0,23978000,0,259753000,213443000,15516000,22399000,24385000,0,400840000,259753000,61948000,15516000,20210000,0,480186000,400840000,71778000,61948000,22140000,0,520171000,480186000,55883000,71778000,0,0,0,0,0,0
5190073042,"ООО ""МР""",102,545,True,False,False,False,False,False,0,0.0,0.0,0.0,0.0,0.0,0.0,0.0,0.0,0.0,0,0,253265000,120200000,0,0,0,0,147231000,253265000,0,0,0,0,98258000,147231000,0,0,0,0,66168000,98258000,0,0,0,0,0,0,0,0
7736672149,"ООО ""ЮНИКС-ФИТНЕС""",96,584,True,False,False,False,False,False,0,0.0,0.0,0.0,0.0,0.0,0.0,0.0,0.0,0.0,0,0,130320000,131676000,0,0,0,0,176607000,130320000,0,0,0,0,450227000,176607000,0,0,0,0,728005000,450227000,0,0,0,0,0,0,0,0
5018194187,"ООО ""ЭЛЕКТРОЦЕНТР""",99,619,True,False,False,False,False,False,0,0.0,0.0,0.0,0.0,0.0,0.0,0.0,0.0,0.0,150444000,0,2290328000,1935691000,258365000,308998000,147299000,0,2561901000,2290328000,462593000,258365000,144311000,0,3905662000,2561901000,868825000,462598000,143435000,0,3540211000,3905662000,715701000,868825000,0,0,0,0,0,0
8905036819,"ООО ""ГРИНЛАЙН""",188,661,True,False,False,False,False,False,1158218680,0.0,0.0,0.0,0.0,0.0,0.0,0.0,0.0,0.0,0,0,101859000,138435000,0,0,0,0,85269000,101859000,0,0,0,0,163073000,85269000,0,0,0,0,178430000,163073000,0,0,0,0,0,0,0,0
4003030890,"ООО ""ПК ""НИКА""",56,263,True,False,False,False,False,False,0,0.0,0.0,0.0,0.0,0.0,0.0,0.0,0.0,0.0,28942000,0,277084000,159909000,21562000,17205000,40209000,0,247380000,277084000,39423000,21562000,32860000,0,335958000,247380000,51573000,39423000,60714000,0,308148000,335958000,44746000,51573000,0,0,0,0,0,0
2224115749,"ООО ""ЗАВОД ""ЭНЕРГОТЕХ""",3,388,True,False,False,False,False,False,15182775,0.0,0.0,0.0,0.0,0.0,0.0,0.0,0.0,0.0,0,0,335033000,194691000,0,0,0,0,476021000,335033000,0,0,0,0,520293000,476021000,0,0,0,0,606075000,520293000,0,0,0,0,0,0,0,0
3528052718,"АО ""РУССКИЙ БИСКВИТ""",31,51,True,False,False,False,False,False,0,0.0,0.0,0.0,0.0,0.0,0.0,0.0,0.0,0.0,271437000,0,4083543000,3172858000,74977000,371523000,668688000,0,5558142000,4083543000,901134000,74977000,552332000,0,5816624000,5558142000,983083000,901134000,700987000,0,6690560000,5816624000,650354000,983083000,0,0,0,0,0,0
3605007945,"ООО ТД ""ПОЛЮС""",34,663,True,False,False,False,False,False,72982,0.0,0.0,0.0,0.0,0.0,0.0,0.0,0.0,0.0,0,0,149110000,146813000,0,0,0,0,150037000,149110000,0,0,0,0,152387000,150037000,0,0,0,0,178288000,152387000,0,0,0,0,0,0,0,0
5501207372,"ООО АПТЕКИ ""ФАРМАКОПЕЙКА""",112,731,False,False,False,False,True,False,0,0.0,0.0,0.0,0.0,0.0,0.0,0.0,0.0,0.0,2092000,0,1193687000,657785000,4078000,1947000,29288000,0,1496049000,1193687000,11174000,4078000,53397000,0,1525285000,1496049000,6601000,11174000,84644000,0,1576947000,1525285000,-6300000,6601000,0,0,0,0,0,0
7719875068,"ООО ""ЦВЕТМЕТСНАБ""",169,661,False,True,False,False,False,False,0,0.0,0.0,0.0,0.0,0.0,0.0,0.0,0.0,0.0,1623000,0,535967000,738493000,6201000,8661000,1669000,0,833000,535967000,-563000,6201000,0,0,13236000,833000,222000,-563000,0,0,0,13236000,0,222000,0,0,0,0,0,0
7704454807,"ООО ""СНАБКОМПЛЕКС""",95,519,True,False,False,False,False,False,0,0.0,0.0,0.0,0.0,0.0,0.0,0.0,0.0,0.0,0,0,3626000,162710000,0,0,0,0,0,3626000,0,0,0,0,168617000,0,0,0,0,0,359029000,168617000,0,0,0,0,0,0,0,0
1516616405,"ООО "" ОС-АЛКО""",141,534,True,False,False,False,False,False,0,0.0,0.0,0.0,0.0,0.0,0.0,0.0,0.0,0.0,0,0,343680000,271798000,0,0,0,0,405942000,343680000,0,0,0,0,571766000,405942000,0,0,0,0,672769000,571766000,0,0,0,0,0,0,0,0
7725290839,"ООО ""ТОРГОВЫЙ ДОМ ""КЕЛЛЕР""",35,536,True,False,False,False,False,False,0,0.0,0.0,0.0,0.0,0.0,0.0,0.0,91419.9,91419.9,0,0,276584000,286649000,0,0,0,0,288138000,276584000,0,0,0,0,294278000,288138000,0,0,0,0,533561000,294278000,0,0,0,0,0,0,0,0
5405412481,"ООО ""СЕВЕРНЕФТЕПРОДУКТ""",112,625,True,False,False,False,False,False,99440533,0.0,0.0,0.0,0.0,0.0,0.0,0.0,0.0,0.0,0,0,121597000,124730000,0,0,0,0,142024000,121597000,0,0,0,0,197214000,142024000,0,0,0,0,144267000,197214000,0,0,0,0,0,0,0,0
1651066469,"ООО ""КОЛЕСА ДАРОМ.РУ""",177,460,True,False,False,False,False,False,18620,0.0,0.0,0.0,0.0,0.0,0.0,0.0,0.0,7000.0,143161000,0,3293550000,2112878000,177153000,-66416000,112731000,0,7350042000,3293550000,123173000,177153000,2013236000,0,12965706000,7350042000,-252660000,123173000,1764096000,0,20269192000,12965706000,-475898000,-252660000,0,0,0,0,0,0
3123349809,"ООО ""АГРОПРОМ-ИНВЕСТ""",18,28,True,False,False,False,False,False,305736,0.0,0.0,0.0,0.0,0.0,0.0,0.0,0.0,0.0,95567000,0,940309000,976701000,36557000,40307000,75818000,0,586418000,940309000,45971000,36557000,107427000,0,1565540000,586418000,168302000,45971000,90723000,0,2028923000,1565540000,99427000,168302000,0,0,0,0,0,0
7708756439,"ООО ""ПЛАЗМОКАТАЛИЗ""",112,651,True,False,False,False,False,False,0,0.0,0.0,0.0,0.0,0.0,0.0,0.0,0.0,0.0,85385000,0,685914000,580026000,13520000,-3181000,3929779000,0,627094000,685914000,-5731000,13520000,2042307000,0,364587000,627094000,-50590000,-5731000,1750006000,0,806000,364587000,-31785000,-50590000,0,0,0,0,0,0
2311244941,"ООО ""АПТЕЧНЫЙ СКЛАД ""САМАРА""",73,731,True,False,False,False,False,False,0,0.0,0.0,0.0,0.0,0.0,0.0,0.0,0.0,0.0,33125000,0,1789318000,924366000,-81005000,-74011000,1087337000,0,2803162000,1789318000,-10808000,-81005000,1423601000,0,3105412000,2803162000,-76778000,-10808000,1768272000,0,4198730000,3105412000,-191496000,-76778000,0,0,0,0,0,0
7713763382,"ООО ""БЕЛСНАБ""",35,154,False,False,True,False,False,False,110623577,0.0,0.0,0.0,0.0,0.0,0.0,12354176.04,10000.0,0.0,0,0,398406000,232049000,0,0,0,0,531941000,398406000,0,0,0,0,553288000,531941000,0,0,0,0,10605000,553288000,0,0,0,0,0,0,0,0
7805406976,"ООО ""ОМЗ ""ЛЕОТЕК""",36,188,True,False,False,False,False,False,19234133,0.0,0.0,0.0,0.0,0.0,0.0,0.0,0.0,0.0,18542000,0,409988000,422929000,19677000,23745000,15438000,0,577966000,409988000,80610000,19677000,30194000,0,474522000,577966000,59566000,80610000,41858000,0,442554000,474522000,47634000,59566000,0,0,0,0,0,0
5003131755,"ООО ""БВР""",99,749,False,True,False,False,False,False,0,0.0,0.0,0.0,0.0,0.0,0.0,0.0,0.0,0.0,7292000,0,1581090000,1853154000,64302000,96642000,199201000,0,1306199000,1581090000,2147000,64302000,50741000,0,916680000,1306199000,-132212000,2147000,0,0,0,0,0,0,0,0,0,0,0,0
5611054175,"ООО ""АРГУМЕНТ""",96,518,True,False,False,False,False,False,298279,0.0,0.0,0.0,0.0,0.0,0.0,0.0,0.0,0.0,0,0,161004000,163957000,-478000,-62000,335000,0,196444000,161001000,527000,-486000,196000,0,196056000,196444000,1739000,527000,1900000,0,242619000,196056000,9379000,1739000,0,0,0,0,0,0
2913004344,"ООО МП ""ИВУШКА-1""",9,663,True,False,False,False,False,False,0,0.0,0.0,0.0,0.0,0.0,0.0,0.0,0.0,0.0,0,0,175521000,260193000,200000,1005000,0,0,87756000,175521000,3282000,200000,0,0,80608000,87756000,1028000,3282000,0,0,92578000,80608000,-1789000,1028000,0,0,0,0,0,0
7424007789,"ООО ""РАДУГА""",199,71,True,False,False,False,False,False,2062141,0.0,0.0,0.0,0.0,0.0,0.0,0.0,0.0,0.0,108342000,0,413033000,259145000,38799000,50180000,652618000,0,1084382000,413033000,286373000,38799000,1726898000,0,1502231000,1084382000,350368000,286373000,2180638000,0,2360961000,1502231000,610896000,350368000,0,0,0,0,0,0
5044073541,"ООО ""РВ ПЛАСТ""",98,191,True,False,False,False,False,False,0,0.0,0.0,0.0,0.0,0.0,0.0,0.0,0.0,0.0,40293000,0,176486000,148060000,10837000,6689000,0,0,299928000,176486000,0,0,0,0,340599000,299928000,0,0,0,0,332438000,340599000,0,0,0,0,0,0,0,0
7729652960,"АО ""КОМПАНИЯ СКАН""",35,613,False,True,False,False,False,False,633957047,0.0,0.0,0.0,0.0,0.0,0.0,0.0,0.0,0.0,878000,0,27833000,1164306000,3555000,244004000,1156000,0,400000,27833000,-2243000,3555000,626000,0,13436000,400000,2105000,-2243000,0,0,0,0,0,0,0,0,0,0,0,0
